Cycle,Tem,电压(V),电流(A),放电容量(Ah)
0,29.1,3.9,13.0006,13.0867
30,28.7,3.9,13.0037,13.0206
60,28.6,3.9,13.0132,13.0145
90,28.6,3.9001,13.0106,12.9634
120,28.9,3.9001,13.0015,12.9473
150,29.3,3.9002,13.002,12.9285
180,26.5,3.9,13.0025,12.9635
210,26.1,3.9002,13.0019,12.9198
240,25.8,3.9,13.0111,12.9044
270,28.1,3.9002,13.0024,12.8754
300,28.5,3.9001,13.0117,12.8652
330,28.5,3.9002,13.002,12.8572
360,28.7,3.9003,13.0081,12.8658
390,27.4,3.9001,13.001,12.8448
420,27.3,3.9,13.0026,12.8479
450,27.2,3.9001,13.0035,12.8316
480,27.9,3.9,13.0017,12.8229
510,28.2,3.9,13.0021,12.8132
540,28.2,3.9,13.0092,12.8327
570,28.2,3.9001,13.0046,12.8309
600,28.3,3.9002,13.0127,12.8191
630,28.8,3.9,13.002,12.8163
660,29.1,3.9,13.0015,12.843
690,29.8,3.9,13.0016,12.8174
720,29.3,3.9001,13.0011,12.8738
750,29.1,3.9002,13.0029,12.8398
780,29,3.9002,13.0019,12.8011
810,28.9,3.9002,13.002,12.7743
840,29,3.9002,13.0023,12.7616
870,29.4,3.9002,13.0021,12.754
900,29.9,3.9001,13.0022,12.7623
930,29.9,3.9,13.0141,12.7517
960,29.5,3.9002,13.0017,12.7438
990,29.2,3.9002,13.0015,12.728
1020,29.2,3.9002,13.0025,12.7323
1050,29.2,3.9,13.0013,12.7164
1080,29.2,3.9002,13.0016,12.7202
1110,29.5,3.9001,13.0032,12.7311
1140,30,3.9001,13.0019,12.7101
1170,29.4,3.9002,13.0016,12.7044
1200,29.6,3.9002,13.0017,12.6998
1230,29.6,3.9001,13.0015,12.6925
1260,29.5,3.9001,13.0104,12.6895
1290,29.6,3.9002,13.0016,12.6862
1320,29.6,3.9001,13.0018,12.6974
1350,29.9,3.9002,13.0091,12.7061
1380,30.3,3.9,13.0078,12.6942
1410,30.3,3.9,13.0025,12.6913
1440,30.4,3.9002,13.0103,12.6823
1470,30.2,3.9001,13.0017,12.6769
1500,30.1,3.9001,13.0015,12.6733
1530,30.2,3.9002,13.0022,12.6847
1560,29.8,3.9002,13.0015,12.6669
1590,29.8,3.9002,13.0017,12.6449
1620,30,3.9002,13.0017,12.6359
1650,30.3,3.9001,13.0015,12.6341
1680,30.3,3.9001,13.0014,12.6392
1710,29.9,3.9001,13.0015,12.6482
1740,29.7,3.9001,13.0014,12.6579
1770,29.5,3.9001,13.0017,12.6236
1800,29.6,3.9001,13.0017,12.6146
1830,29.9,3.9001,13.0149,12.6113
1860,30.2,3.9001,13.0015,12.6044
1890,30.5,3.9002,13.0016,12.6022
1920,31,3.9001,13.0101,12.6098
1950,30.5,3.9002,13.0015,12.6126
1980,30.2,3.9002,13.0071,12.6075
2010,30.2,3.9002,13.0044,12.5985
2040,30.2,3.9,13.0015,12.5924
2070,30.4,3.9002,13.0015,12.5838
2100,30.7,3.9002,13.0123,12.5796
2130,31,3.9002,13.0082,12.5792
2160,31,3.9,13.0013,12.5714
2190,30.6,3.9,13.0013,12.5706
2220,30.3,3.9002,13.003,12.5688
2250,30.4,3.9001,13.0051,12.5655
2280,30.4,3.9002,13.0012,12.5569
2310,30.3,3.9002,13.0049,12.5663
2340,30.3,3.9001,13.0014,12.5496
2370,30.4,3.9001,13.0118,12.5466
2400,30.5,3.9002,13.0111,12.5429
2430,30.2,3.9001,13.0083,12.544
2460,30.1,3.9002,13.0015,12.5339
2490,30.1,3.9,13.0023,12.5299
2520,30,3.9001,13.0018,12.5289
2550,30.2,3.9002,13.0016,12.5235
2580,30.4,3.9001,13.0031,12.5213
2610,30.6,3.9001,13.0016,12.5192
2640,30.6,3.9001,13.0081,12.517
2670,30.4,3.9001,13.0016,12.5109
2700,30.2,3.9002,13.001,12.5073
2730,30,3.9001,13.0146,12.5038
2760,29.9,3.9001,13.0015,12.5031
2790,29.9,3.9001,13.0016,12.4991
2820,30.2,3.9,13.0016,12.4973
2850,29.7,3.9001,13.0022,12.4907
2880,29.4,3.9002,13.0026,12.4892
2910,29.5,3.9,13.0023,12.4864
2940,29.2,3.9001,13.0097,12.4813
2970,29.1,3.9001,13.0082,12.4788
3000,29.1,3.9002,13.0025,12.4759
3030,29.2,3.9,13.0026,12.4755
3060,29.6,3.9001,13.0026,12.4762
3090,29.9,3.9002,13.0017,12.4747
3120,30.3,3.9,13.0045,12.4896
3150,30.7,3.9,13.0016,12.4842
3180,30.1,3.9001,13.0099,12.4662
3210,29.8,3.9001,13.0023,12.4611
3240,29.9,3.9002,13.0118,12.4585
3270,29.8,3.9002,13.0016,12.4553
3300,30,3.9002,13.0127,12.455
3330,30.3,3.9001,13.0025,12.455
3360,30.7,3.9001,13.0013,12.4533
3390,31.3,3.9001,13.0008,12.4497
3420,30.6,3.9,13.0091,12.4663
3450,30.4,3.9002,13.0023,12.4598
3480,30.2,3.9002,13.0135,12.4431
3510,30.2,3.9,13.0016,12.4384
3540,30.4,3.9002,13.0019,12.4375
3570,30.7,3.9,13.0022,12.4376
3600,31.1,3.9001,13.002,12.4387
3630,31,3.9002,13.0045,12.4308
3660,30.8,3.9001,13.0079,12.4279
3690,30.6,3.9,13.0016,12.4236
3720,30.5,3.9001,13.0062,12.4243
3750,30.4,3.9,13.0069,12.4179
3780,30.5,3.9001,13.0014,12.4164
3810,30.7,3.9002,13.0017,12.4147
3840,31.1,3.9001,13.0019,12.4136
3870,31.5,3.9002,13.0021,12.4129
3900,31.2,3.9002,13.0022,12.4136
3930,30.7,3.9001,13.0023,12.4066
3960,30.7,3.9,13.0027,12.4052
3990,30.6,3.9001,13.0016,12.4012
4020,30.6,3.9,13.0049,12.3965
4050,30.8,3.9001,13.0038,12.4008
4080,31.2,3.9002,13.0027,12.3973
4110,31.4,3.9002,13.0022,12.3962
4140,31.3,3.9001,13.0023,12.3977
4170,31.1,3.9001,13.0017,12.3959
4200,31,3.9001,13.002,12.4945
4230,30.9,3.9001,13.0014,12.5129
4260,30.9,3.9002,13.0015,12.394
4290,31.1,3.9,13.0016,12.3941
4320,31.4,3.9,13.0016,12.3904
4350,31.6,3.9002,13.0098,12.3926
4380,31.4,3.9001,13.001,12.3837
4410,31.2,3.9001,13.0013,12.3803
4440,31.1,3.9001,13.0017,12.377
4470,31,3.9,13.0015,12.3748
4500,30.8,3.9002,13.0015,12.3708
4530,30.9,3.9002,13.0017,12.369
4560,31.1,3.9001,13.0017,12.3661
4590,31.3,3.9001,13.0016,12.3669
4620,31.5,3.9001,13.0013,12.3664
4650,31.2,3.9,13.0018,12.3628
4680,31,3.9002,13.0014,12.3597
4710,30.8,3.9001,13.0013,12.3594
4740,30.7,3.9001,13.0015,12.3597
4770,30.6,3.9001,13.0014,12.3506
4800,30.9,3.9002,13.0014,12.3521
4830,31.2,3.9001,13.0013,12.3499
4860,31.5,3.9002,13.0092,12.3478
4890,31.1,3.9001,13.0012,12.3453
4920,30.8,3.9,13.0015,12.3432
4950,30.7,3.9002,13.0013,12.3391
4980,30.6,3.9002,13.0013,12.3384
5010,30.6,3.9002,13.0013,12.3392
5040,30.8,3.9001,13.001,12.3355
5070,31,3.9,13.0015,12.3339
5100,31.1,3.9001,13.0119,12.3325
5130,30.9,3.9002,13.0142,12.3285
5160,30.7,3.9,13.0052,12.3261
5190,30.6,3.9001,13.0039,12.3239
5220,30.5,3.9,13.0027,12.3225
5250,30.4,3.9001,13.0106,12.3222
5280,30.4,3.9001,13.0008,12.3179
5310,30.4,3.9003,13.0011,12.3167
5340,30.3,3.9001,13.0011,12.3132
5370,30.4,3.9,13.0017,12.3124
5400,30.1,3.9002,13.0065,12.3091
5430,30,3.9002,13.0112,12.3059
5460,29.9,3.9002,13.001,12.3048
5490,29.8,3.9,13.0014,12.3018
5520,30,3.9002,13.0074,12.304
5550,30.3,3.9002,13.0097,12.3028
5580,30.6,3.9002,13.0012,12.3026
5610,31,3.9,13.0012,12.3015
5640,30.4,3.9002,13.0034,12.2968
5670,30.1,3.9002,13.0108,12.2954
5700,30,3.9001,13.0013,12.2914
5730,29.9,3.9001,13.0109,12.2896
5760,29.8,3.9002,13.0011,12.2878
5790,30.1,3.9002,13.0036,12.2867
5820,30.4,3.9002,13.0012,12.2863
5850,30.6,3.9,13.0012,12.2842
5880,30.1,3.9002,13.0044,12.2794
5910,29.9,3.9003,13.0012,12.2754
5940,29.6,3.9,13.0052,12.2732
5970,29.6,3.9001,13.0136,12.2721
6000,29.6,3.9002,13.0013,12.2707
6030,29.8,3.9001,13.0009,12.2704
6060,30.1,3.9002,13.0013,12.2694
6090,30.3,3.9002,13.0012,12.2726
6120,30.8,3.9002,13.0012,12.269
6150,30.2,3.9001,13.0103,12.3986
6180,30.1,3.9001,13.0014,12.407
6210,29.9,3.9,13.0012,12.3737
6240,29.9,3.9001,13.0012,12.2718
6270,29.9,3.9001,13.0045,12.2672
6300,30.2,3.9001,13.0022,12.3159
6330,30.5,3.9,13.0055,12.2939
6360,30.7,3.9,13.0034,12.3134
6390,30.5,3.9001,13.0091,12.312
6420,30,3.9001,13.0013,12.3044
6450,30,3.9001,13.0013,12.2969
6480,29.9,3.9001,13.0015,12.2915
6510,29.9,3.9002,13.0015,12.2849
6540,30,3.9003,13.0052,12.2562
6570,30.4,3.9001,13.002,12.2482
6600,30.5,3.9,13.0112,12.2461
6630,30.2,3.9001,13.0107,12.2431
6660,30,3.9001,13.0123,12.2402
6690,29.8,3.9,13.0126,12.2392
6720,29.8,3.9001,13.0101,12.2378
6750,29.8,3.9002,13.0117,12.2381
6780,30,3.9002,13.0076,12.2377
6810,30.4,3.9001,13.0022,12.2391
6840,30.5,3.9002,13.0031,12.2362
6870,30.7,3.9,13.0017,12.2347
6900,30.3,3.9,13.0014,12.2293
6930,30,3.9002,13.0014,12.2271
6960,29.9,3.9003,13.0013,12.2264
6990,29.9,3.9001,13.0012,12.2235
7020,30,3.9,13.0023,12.2249
7050,30.2,3.9,13.0019,12.2236
7080,30.4,3.9001,13.0015,12.2225
7110,30.2,3.9001,13.0016,12.2196
7140,30,3.9,13.0119,12.2156
7170,29.7,3.9001,13.0018,12.2142
7200,29.6,3.9002,13.0014,12.2359
7230,29.5,3.9002,13.0024,12.2283
7260,29.4,3.9,13.002,12.2095
7290,29.7,3.9001,13.0013,12.2112
7320,29.8,3.9001,13.0058,12.207
7350,29.8,3.9,13.0021,12.2091
7380,29.6,3.9001,13.0019,12.2008
7410,29.5,3.9002,13.0015,12.1986
7440,29.4,3.9001,13.0017,12.1976
7470,29.4,3.9001,13.0076,12.2459
7500,29.3,3.9001,13.0016,12.2043
7530,29.4,3.9001,13.0012,12.221
7560,29.4,3.9002,13.0016,12.1981
7590,29.6,3.9002,13.0016,12.1967
7620,29.6,3.9002,13.0133,12.201
7650,29.4,3.9,13.0108,12.1999
7680,29.4,3.9001,13.012,12.1946
7710,29.3,3.9001,13.0046,12.1866
7740,29.3,3.9001,13.0016,12.1851
7770,29.5,3.9001,13.0015,12.1827
7800,29.8,3.9,13.0124,12.1845
7830,30,3.9,13.0047,12.1803
7860,30.2,3.9002,13.0122,12.1792
7890,30,3.9001,13.0013,12.1807
7920,29.8,3.9001,13.0016,12.2031
7950,29.7,3.9001,13.0024,12.2923
7980,29.7,3.9,13.0148,12.2655
8010,29.7,3.9001,13.0021,12.2781
8040,29.8,3.9001,13.0086,12.2482
8070,30.1,3.9,13.0092,12.1955
8100,30.3,3.9002,13.002,12.1871
8130,30.8,3.9002,13.0014,12.1814
8160,30,3.9002,13.0134,12.1737
8190,29.9,3.9002,13.0125,12.1662
8220,29.8,3.9003,13.0025,12.1655
8250,29.8,3.9001,13.0013,12.1655
8280,30,3.9001,13.0015,12.1644
8310,30.1,3.9001,13.002,12.1673
8340,30.3,3.9002,13.0075,12.1662
8370,30.4,3.9001,13.0016,12.1611
8400,30,3.9001,13.002,12.1749
8430,29.9,3.9001,13.0031,12.1556
8460,29.7,3.9001,13.0042,12.1524
8490,29.7,3.9,13.0011,12.159
8520,29.8,3.9001,13.002,12.1597
8550,30.1,3.9001,13.0017,12.1535
8580,30.2,3.9,13.0098,12.1517
8610,30.3,3.9002,13.006,12.1614
8640,30.1,3.9001,13.0019,12.1556
8670,30,3.9001,13.0014,12.1466
8700,29.9,3.9001,13.0024,12.1448
8730,29.8,3.9002,13.0049,12.1426
8760,29.9,3.9001,13.0013,12.1419
8790,30.1,3.9001,13.0078,12.1418
8820,30.2,3.9002,13.007,12.1436
8850,30.3,3.9002,13.0014,12.14
8880,30.3,3.9002,13.0013,12.1374
8910,30,3.9002,13.0017,12.1382
8940,29.9,3.9002,13.0021,12.1358
8970,29.9,3.9001,13.0013,12.138
9000,29.8,3.9001,13.0129,12.1304
9030,29.9,3.9001,13.0018,12.1276
9060,30.1,3.9001,13.0056,12.1262
9090,30.1,3.9002,13.0015,12.1254
9120,30.4,3.9001,13.0015,12.1324
9150,30.1,3.9002,13.0012,12.1316
9180,29.9,3.9002,13.0037,12.1446
9210,29.8,3.9003,13.0012,12.1189
9240,29.7,3.9002,13.0011,12.1157
9270,29.7,3.9002,13.0128,12.1145
9300,29.9,3.9002,13.0117,12.1207
9330,30.2,3.9002,13.0054,12.1178
9360,30.4,3.9001,13.0102,12.1155
9390,30.5,3.9001,13.0013,12.113
9420,30.3,3.9,13.0019,12.11
9450,30.1,3.9,13.0056,12.1079
9480,29.9,3.9002,13.0064,12.1069
9510,29.9,3.9001,13.0012,12.1059
9540,30.2,3.9002,13.0012,12.1073
9570,30.5,3.9,13.0012,12.1453
9600,30.8,3.9002,13.0011,12.1511
9630,30.8,3.9002,13.0029,12.1597
9660,30.5,3.9002,13.0011,12.1535
9690,30.2,3.9001,13.0016,12.1348
9720,30.1,3.9001,13.0023,12.1134
9750,30.1,3.9002,13.0034,12.0961
9780,30.2,3.9002,13.0023,12.0961
9810,30.5,3.9001,13.002,12.0954
9840,30.7,3.9002,13.002,12.0943
9870,30.7,3.9002,13.0013,12.0943
9900,30.4,3.9001,13.0014,12.0915
9930,30.3,3.9001,13.0014,12.0871
9960,30.2,3.9002,13.0078,12.0868
9990,29.9,3.9002,13.0025,12.085
10020,30.1,3.9001,13.0007,12.0835
10050,30.3,3.9001,13.0017,12.0843
10080,30.7,3.9001,13.0022,12.0836
10110,30.5,3.9001,13.0017,12.0803
10140,30.4,3.9002,13.0069,12.0791
10170,30.2,3.9001,13.0019,12.0793
10200,30.2,3.9002,13.0021,12.0771
10230,30,3.9,13.0019,12.0767
10260,29.9,3.9002,13.0019,12.0727
10290,30.3,3.9002,13.0014,12.0767
10320,30.6,3.9002,13.0028,12.0736
10350,31,3.9001,13.0022,12.0744
10380,30.7,3.9001,13.0017,12.0711
10410,30.5,3.9,13.0017,12.0734
10440,30.3,3.9001,13.0113,12.0694
10470,30.2,3.9002,13.0021,12.1022
10500,30,3.9001,13.0018,12.1192
10530,30.2,3.9,13.0016,12.1035
10560,30.5,3.9003,13.0018,12.0656
10590,30.8,3.9001,13.0017,12.0684
10620,31.1,3.9001,13.0025,12.0631
10650,30.9,3.9002,13.0023,12.0612
10680,30.6,3.9001,13.0018,12.0579
10710,30.4,3.9,13.0012,12.0564
10740,30.2,3.9001,13.0017,12.0563
10770,30.2,3.9001,13.0013,12.056
10800,30.5,3.9,13.0014,12.0543
10830,30.7,3.9002,13.0116,12.0854
10860,31.1,3.9002,13.0033,12.0577
10890,31.1,3.9001,13.0016,12.0559
10920,30.5,3.9002,13.002,12.0538
10950,30.3,3.9001,13.0019,12.0495
10980,30.1,3.9002,13.0017,12.0527
11010,30,3.9002,13.0074,12.0509
11040,30.2,3.9,13.0049,12.0487
11070,30.6,3.9,13.0026,12.0447
11100,31,3.9001,13.002,12.045
11130,31.4,3.9002,13.002,12.0457
11160,31.1,3.9002,13.0011,12.0449
11190,30.9,3.9002,13.0031,12.0418
11220,31.1,3.9001,13.0064,12.0481
11250,31.5,3.9,13.0023,12.0626
11280,31,3.9002,13.0016,12.0363
11310,30.9,3.9002,13.0029,12.0446
11340,30.8,3.9002,13.0013,12.0374
11370,30.7,3.9,13.0082,12.032
11400,30.7,3.9001,13.0029,12.0253
11430,31,3.9001,13.0073,12.0286
11460,31.3,3.9002,13.0081,12.025
11490,31.4,3.9001,13.0013,12.0243
11520,31.2,3.9,13.0015,12.0217
11550,31,3.9001,13.0014,12.0213
11580,30.8,3.9001,13.011,12.0206
11610,30.7,3.9,13.0014,12.0199
11640,30.7,3.9001,13.0013,12.0188
11670,30.8,3.9001,13.0012,12.0181
11700,31,3.9001,13.0021,12.0184
11730,31.1,3.9,13.0011,12.0166
11760,31,3.9,13.0086,12.0151
11790,30.8,3.9001,13.0042,12.0126
11820,30.6,3.9001,13.0014,12.0104
11850,30.4,3.9002,13.0016,12.008
11880,30.4,3.9002,13.0059,12.0081
11910,30.4,3.9001,13.0014,12.0081
11940,30.7,3.9001,13.0012,12.0066
11970,31,3.9002,13.0029,12.0066
12000,30.5,3.9001,13.0018,12.0018
12030,30.6,3.9001,13.0025,12.0011
12060,30.3,3.9002,13.0032,12.0004
12090,30.1,3.9002,13.0019,11.9982
12120,30.1,3.9002,13.0018,11.9957
12150,30.1,3.9002,13.002,11.995
12180,30.4,3.9002,13.013,11.9951
12210,30.7,3.9,13.0019,11.9943
12240,30.3,3.9001,13.0034,11.9899
12270,30,3.9002,13.0015,11.9894
12300,29.8,3.9001,13.0064,11.9865
12330,29.5,3.9001,13.0022,11.9919
12360,29.5,3.9,13.002,11.985
12390,29.4,3.9,13.0016,11.9896
12420,29.7,3.9002,13.0022,11.9851
12450,30,3.9002,13.0017,11.9843
12480,30,3.9001,13.002,11.9811
12510,30.3,3.9001,13.002,11.9808
12540,30,3.9001,13.0018,11.9804
12570,29.8,3.9001,13.0082,11.9781
12600,29.6,3.9001,13.0014,11.9778
12630,29.5,3.9001,13.002,11.9749
12660,29.4,3.9001,13.0019,11.9786
12690,29.8,3.9,13.0025,11.9739
12720,30.1,3.9,13.0046,11.9739
12750,30.3,3.9002,13.0023,11.9764
12780,30.6,3.9002,13.0016,11.9776
12810,30.1,3.9002,13.0014,11.9767
12840,29.9,3.9002,13.0015,11.9724
12870,29.8,3.9001,13.0012,11.9691
12900,29.7,3.9002,13.0013,11.9663
12930,29.9,3.9,13.0013,11.9677
12960,30.1,3.9002,13.0037,11.9681
12990,30.4,3.9002,13.0023,11.9663
13020,30.8,3.9001,13.002,11.9629
13050,30.4,3.9001,13.0016,11.9612
13080,30.3,3.9,13.0086,11.959
13110,30.2,3.9001,13.0024,11.9582
13140,30.2,3.9001,13.0014,11.9564
13170,30.2,3.9002,13.0016,11.9567
13200,30.4,3.9002,13.0021,11.9546
13230,30.6,3.9,13.0017,11.9551
13260,31,3.9002,13.0019,11.9573
13290,31.1,3.9001,13.0014,11.9576
13320,30.7,3.9001,13.0065,11.954
13350,30.6,3.9001,13.0006,11.9515
13380,30.5,3.9,13.0017,11.9517
13410,30.4,3.9001,13.0013,11.95
13440,30.4,3.9001,13.0018,11.9482
13470,30.6,3.9001,13.0112,11.9467
13500,31,3.9002,13.0017,11.9467
13530,30.2,3.9002,13.0018,11.9426
13560,30,3.9,13.0073,11.9393
13590,29.9,3.9001,13.0019,11.9441
13620,29.9,3.9,13.0018,11.9383
13650,29.8,3.9,13.0021,11.9466
13680,29.9,3.9002,13.0024,11.9394
13710,30.3,3.9001,13.0015,11.9365
13740,30.4,3.9001,13.0118,11.9355
13770,30.4,3.9,13.005,11.9439
13800,30.2,3.9001,13.0014,11.9341
13830,29.9,3.9002,13.0012,11.9381
13860,29.7,3.9002,13.0011,11.9382
13890,29.6,3.9001,13.001,11.9284
13920,29.6,3.9002,13.0011,11.9266
13950,29.9,3.9,13.0011,11.9283
13980,30,3.9002,13.0009,11.9283
14010,30.4,3.9002,13.0042,11.9293
14040,30.6,3.9001,13.0013,11.9235
14070,30.2,3.9001,13.0057,11.9228
14100,30,3.9,13.0147,11.9188
14130,29.9,3.9002,13.0009,11.9196
14160,29.9,3.9,13.001,11.9171
14190,30,3.9,13.0011,11.919
14220,30.1,3.9002,13.0009,11.9183
14250,30.3,3.9001,13.0037,11.9176
14280,30.4,3.9002,13.001,11.918
14310,30.1,3.9002,13.0011,11.9134
14340,29.9,3.9001,13.0116,11.9104
14370,29.7,3.9001,13.0114,11.9082
14400,29.6,3.9002,13.0009,11.9075
14430,29.5,3.9001,13.006,11.9059
14460,29.8,3.9001,13.001,11.9066
14490,30.2,3.9,13.0011,11.9091
14520,30.1,3.9001,13.0011,11.908
14550,30.3,3.9002,13.0075,11.908
14580,30,3.9002,13.0012,11.9052
14610,29.8,3.9,13.001,11.9038
14640,29.7,3.9002,13.001,11.8994
14670,29.6,3.9,13.001,11.8987
14700,29.8,3.9002,13.004,11.8981
14730,29.9,3.9001,13.0083,11.8977
14760,30.2,3.9001,13.0009,11.898
14790,30.5,3.9001,13.0011,11.8999
14820,30.1,3.9,13.001,11.8944
14850,30,3.9001,13.001,11.8928
14880,29.8,3.9002,13.0032,11.8918
14910,29.8,3.9,13.0009,11.9062
14940,29.7,3.9001,13.0008,11.892
14970,29.9,3.9001,13.0009,11.8913
15000,30.3,3.9001,13.0047,11.8904
15030,30.3,3.9,13.0012,11.8954
15060,29.7,3.9002,13.001,11.8901
15090,29.3,3.9001,13.0009,11.8832
15120,29.2,3.9,13.0038,11.8897
15150,28.9,3.9002,13.0062,11.8763
15180,28.7,3.9001,13.0121,11.877
15210,28.7,3.9002,13.0008,11.8724
15240,28.7,3.9001,13.0009,11.8713
15270,28.6,3.9002,13.005,11.8839
15300,28.8,3.9,13.0012,11.8762
15330,28.5,3.9002,13.0033,11.8792
15360,28.4,3.9,13.0012,11.869
15390,28.4,3.9,13.0014,11.8675
15420,28.2,3.9001,13.0138,11.8679
15450,28.2,3.9002,13.001,11.864
15480,28.3,3.9,13.0009,11.8623
15510,28.3,3.9,13.0008,11.8603
15540,28,3.9002,13.0008,11.8613
15570,28,3.9002,13.0008,11.8613
15600,27.9,3.9,13.0012,11.8602
15630,27.8,3.9003,13.0008,11.8606
15660,27.6,3.9002,13.0014,11.8576
15690,27.4,3.9,13.0014,11.8543
15720,27.4,3.9002,13.0009,11.8525
15750,28,3.9001,13.0057,11.8558
15780,28.2,3.9,13.0008,11.8547
15810,28.2,3.9001,13.0007,11.8539
15840,27.9,3.9001,13.0006,11.8514
15870,27.6,3.9001,13.0108,11.8511
15900,27.6,3.9001,13.0009,11.8486
15930,27.5,3.9002,13.0008,11.8508
15960,27.4,3.9002,13.0071,11.8479
15990,27.8,3.9002,13.0009,11.8468
16020,28,3.9002,13.0011,11.8457
16050,28.1,3.9001,13.0008,11.8433
16080,28.3,3.9001,13.0009,11.8418
16110,27.8,3.9001,13.0047,11.8397
16140,27.6,3.9003,13.0008,11.8408
16170,27.5,3.9,13.0061,11.8454
16200,27.6,3.9001,13.0009,11.8498
16230,27.8,3.9001,13.0046,11.8443
16260,28,3.9001,13.001,11.8421
16290,28.2,3.9002,13.0008,11.8392
16320,28.3,3.9002,13.0008,11.8403
16350,28.1,3.9,13.0013,11.8367
16380,28,3.9002,13.0008,11.9064
16410,27.9,3.9002,13.0007,11.9621
16440,28,3.9002,13.0027,11.9725
16470,28,3.9002,13.0007,11.9782
16500,28.3,3.9001,13.0066,11.984
16530,28.7,3.9002,13.0007,11.9883
16560,28.8,3.9001,13.0022,11.9897
16590,28.3,3.9002,13.0008,11.99
16620,28,3.9002,13.0071,11.9904
16650,28,3.9001,13.0009,11.9923
16680,28,3.9,13.002,11.9941
16710,28,3.9001,13.002,11.9963
16740,28.2,3.9001,13.0046,11.9981
16770,28.4,3.9002,13.0007,11.9987
16800,28.7,3.9,13.004,12.0006
16830,28.8,3.9,13.0008,12.0006
16860,28.5,3.9002,13.0079,11.9991
16890,28.4,3.9001,13.0134,11.9995
16920,28.3,3.9001,13.001,12.0006
16950,28.4,3.9002,13.0008,12.0002
16980,28.4,3.9001,13.0009,12.0002
17010,28.8,3.9,13.0008,12.0019
17040,29,3.9001,13.0013,12.0055
17070,29.1,3.9,13.0008,12.0051
17100,28.8,3.9002,13.0024,12.0044
17130,28.6,3.9001,13.001,12.003
17160,28.6,3.9001,13.001,12.004
17190,28.5,3.9002,13.0012,12.0029
17220,28.5,3.9001,13.0009,12.0033
17250,28.7,3.9001,13.0009,12.0042
17280,28.9,3.9001,13.0009,12.0056
17310,29.2,3.9001,13.0026,12.0064
17340,29.1,3.9001,13.0129,12.0072
17370,28.8,3.9,13.0058,12.0046
17400,28.5,3.9,13.0008,12.0042
17430,28.5,3.9,13.0018,12.0046
17460,28.6,3.9002,13.0083,12.0064
17490,28.7,3.9,13.0063,12.0064
17520,29,3.9001,13.0078,12.0079
17550,29.1,3.9001,13.001,12.0075
17580,29.2,3.9002,13.0077,12.0079
17610,29.1,3.9001,13.0029,12.0086
17640,28.7,3.9001,13.0023,12.0064
17670,28.6,3.9002,13.001,12.0064
17700,28.6,3.9,13.0058,12.0079
17730,28.5,3.9002,13.0012,12.0079
17760,28.8,3.9001,13.001,12.0112
17790,29.1,3.9001,13.0009,12.0108
17820,29.4,3.9002,13.0009,12.0122
17850,29.4,3.9,13.0009,12.0126
17880,29,3.9,13.0009,12.0108
17910,28.7,3.9002,13.0009,12.0094
17940,28.6,3.9002,13.0137,12.0094
17970,28.4,3.9002,13.006,12.0091
18000,28.6,3.9002,13.0023,12.009
18030,29,3.9001,13.0088,12.0106
18060,29.3,3.9,13.0013,12.0131
18090,29.5,3.9002,13.0013,12.0138
18120,29.1,3.9002,13.0009,12.0119
18150,28.7,3.9003,13.0118,12.0094
18180,28.6,3.9001,13.0009,12.0086
18210,28.5,3.9,13.001,12.0081
18240,28.5,3.9002,13.001,12.0067
18270,28.8,3.9002,13.0011,12.0085
18300,26.8,3.9002,13.0012,11.9926
18330,25.6,3.9003,13.0021,11.9865
18360,25.1,3.9001,13.0017,11.9851
18390,24.4,3.9002,13.001,11.9801
18420,24.3,3.9,13.0099,11.979
18450,24.3,3.9,13.0008,11.9765
18480,24.2,3.9001,13.0008,11.9736
18510,24.2,3.9002,13.0008,11.9718
18540,24.4,3.9001,13.0008,11.9704
18570,24.7,3.9001,13.0008,11.97
18600,24.7,3.9002,13.001,11.9677
18630,24,3.9,13.0011,11.9643
18660,23.8,3.9002,13.0116,11.9621
18690,23.6,3.9,13.0068,11.9586
18720,23.8,3.9002,13.001,11.9575
18750,23.6,3.9003,13.0011,11.9553
18780,24,3.9001,13.001,11.9557
18810,24.9,3.9001,13.0009,11.9594
18840,26.8,3.9001,13.001,11.9664
18870,27,3.9,13.0011,11.9621
18900,26.6,3.9,13.002,11.9545
18930,27.1,3.9001,13.0025,11.9534
18960,27.3,3.9001,13.0019,11.9516
18990,27.4,3.9001,13.0055,11.9501
19020,27.6,3.9,13.0036,11.9485
19050,27.9,3.9001,13.0011,11.9453
19080,27.9,3.9001,13.0012,11.9414
19110,27.9,3.9001,13.0099,11.9381
19140,27.5,3.9002,13.0018,11.9323
19170,27.3,3.9002,13.0013,11.9268
19200,27.3,3.9,13.0012,11.9224
19230,27.2,3.9001,13.0011,11.9195
19260,27.3,3.9001,13.014,11.9166
19290,27.6,3.9001,13.0011,11.9142
19320,27.9,3.9001,13.0011,11.9131
19350,27.8,3.9,13.0097,11.9088
19380,27.7,3.9,13.0013,11.9052
19410,27.7,3.9001,13.0011,11.902
19440,27.5,3.9001,13.0009,11.8963
19470,27.5,3.9003,13.0014,11.8855
19500,27.5,3.9002,13.001,11.8778
19530,27.6,3.9002,13.001,11.8688
19560,27.7,3.9002,13.001,11.8615
19590,28,3.9002,13.0118,11.856
19620,27.6,3.9002,13.001,11.8487
19650,25.9,3.9001,13.001,11.8359
19680,23.9,3.9,13.0022,11.8227
19710,26.6,3.9,13.001,11.814
19740,26.9,3.9002,13.0011,11.7897
19770,27.2,3.9001,13.0011,11.7897
19800,27.5,3.9,13.0122,11.7876
19830,27.6,3.9001,13.0086,11.7858
19860,27.8,3.9001,13.004,11.783
19890,27.7,3.9,13.0012,11.7711
19920,27.4,3.9001,13.001,11.7618
19950,27.1,3.9,13.001,11.7586
19980,27.1,3.9001,13.0082,11.7538
20010,27,3.9,13.0006,11.7524
20040,27.4,3.9001,13.0013,11.7513
20070,27.8,3.9003,13.0031,11.7495
20100,28.1,3.9002,13.0023,11.7484
20130,28.4,3.9003,13.0011,11.7382
20160,27.9,3.9001,13.0012,11.7303
20190,27.8,3.9001,13.0011,11.7298
20220,27.7,3.9002,13.0013,11.7266
20250,27.6,3.9001,13.0011,11.7262
20280,27.7,3.9001,13.0011,11.7273
20310,28,3.9001,13.001,11.7291
20340,28.4,3.9002,13.0011,11.7276
20370,28.7,3.9,13.0014,11.7259
20400,28.6,3.9002,13.0067,11.7248
20430,28.3,3.9002,13.0038,11.7234
20460,28.1,3.9003,13.001,11.7224
20490,28.1,3.9001,13.0012,11.7192
20520,28.1,3.9002,13.0011,11.7174
20550,28.3,3.9003,13.0037,11.7188
20580,23.9,3.9001,13.0082,11.7002
20610,25.9,3.9001,13.001,11.7122
20640,26.6,3.9001,13.0011,11.7148
20670,26.5,3.9002,13.001,11.7061
20700,26.7,3.9001,13.0149,11.7058
20730,26.7,3.9,13.0091,11.7066
20760,26.9,3.9001,13.008,11.7044
20790,26.8,3.9001,13.0035,11.7029
20820,26.8,3.9001,13.0022,11.7026
20850,26.8,3.9003,13.0011,11.6997
20880,23.9,3.9002,13.0011,11.6764
20910,23.3,3.9002,13.0036,11.6779
20940,23.1,3.9001,13.0027,11.6799
20970,25.2,3.9001,13.001,11.6998
21000,25.6,3.9001,13.0011,11.6921
21030,25.7,3.9001,13.0142,11.6896
21060,25.8,3.9002,13.0012,11.6889
21090,25.9,3.9,13.0011,11.6878
21120,26.1,3.9003,13.0083,11.6907
21150,25.9,3.9002,13.0011,11.6893
21180,26,3.9001,13.0012,11.6875
21210,25.9,3.9001,13.0012,11.687
21240,25.8,3.9003,13.0038,11.7022
21270,25.9,3.9002,13.001,11.683
21300,25.8,3.9002,13.001,11.6809
21330,25.9,3.9001,13.0011,11.6791
21360,26.1,3.9001,13.0012,11.6814
21390,26.4,3.9,13.0123,11.6926
21420,26.2,3.9002,13.0108,11.6829
21450,26.3,3.9003,13.0012,11.6784
21480,26.1,3.9001,13.0019,11.6769
21510,26,3.9001,13.0018,11.6755
21540,26,3.9002,13.0061,11.6745
21570,26.1,3.9002,13.0033,11.6799
21600,26.7,3.9001,13.0009,11.6777
21630,27,3.9002,13.001,11.6776
21660,26.9,3.9001,13.0009,11.6769
21690,26.9,3.9,13.0014,11.6765
21720,26.6,3.9001,13.0011,11.6718
21750,26.4,3.9001,13.0113,11.67
21780,26.3,3.9003,13.001,11.6712
21810,26.3,3.9001,13.0011,11.669
21840,26.7,3.9001,13.0011,11.6694
21870,27,3.9002,13.001,11.6687
21900,24.6,3.9002,13.0018,11.6623
21930,26.6,3.9,13.0011,11.6685
21960,26.8,3.9001,13.0012,11.6648
21990,26.7,3.9003,13.0026,11.6633
22020,26.6,3.9001,13.0078,11.6611
22050,26.5,3.9,13.0012,11.6618
22080,26.6,3.9001,13.0011,11.6694
22110,27.2,3.9,13.0055,11.6622
22140,27.4,3.9002,13.0018,11.6684
22170,27.6,3.9002,13.0012,11.6742
22200,27.2,3.9,13.0112,11.6605
22230,27,3.9,13.0017,11.6561
22260,27,3.9002,13.001,11.6576
22290,27,3.9,13.0032,11.6756
22320,26.9,3.9001,13.0011,11.6652
22350,27.1,3.9,13.0136,11.6601
22380,27.5,3.9003,13.0012,11.6547
22410,27.5,3.9002,13.0034,11.6529
22440,27.4,3.9001,13.0013,11.6536
22470,27.3,3.9002,13.001,11.6528
22500,27.2,3.9001,13.0011,11.6488
22530,27.3,3.9003,13.0011,11.6474
22560,27.2,3.9,13.0085,11.6571
22590,27.2,3.9002,13.0012,11.6487
22620,27.5,3.9,13.0084,11.6596
22650,27.8,3.9,13.0012,11.6557
22680,28,3.9001,13.0029,11.6478
22710,27.7,3.9001,13.0013,11.6464
22740,27.6,3.9001,13.0027,11.6432
22770,27.5,3.9002,13.0012,11.6428
22800,27.5,3.9,13.0068,11.6472
22830,27.4,3.9001,13.001,11.6478
22860,27.5,3.9002,13.0013,11.6381
22890,27.4,3.9003,13.0016,11.6395
22920,27.3,3.9003,13.0019,11.6481
22950,27.3,3.9001,13.0103,11.6449
22980,27.1,3.9,13.0013,11.6549
23010,27,3.9001,13.0018,11.6469
23040,26.9,3.9002,13.003,11.6393
23070,26.8,3.9002,13.0012,11.6361
23100,26.8,3.9001,13.0037,11.6369
23130,27.1,3.9,13.0012,11.6348
23160,27.2,3.9002,13.0012,11.6346
23190,27.4,3.9003,13.0014,11.6364
23220,27.1,3.9,13.0017,11.6307
23250,26.8,3.9,13.0048,11.6292
23280,26.7,3.9001,13.0012,11.6261
23310,26.6,3.9002,13.0011,11.6238
23340,26.6,3.9,13.0013,11.6248
23370,26.6,3.9001,13.0022,11.6227
23400,26.7,3.9002,13.0012,11.6205
23430,27.1,3.9002,13.0012,11.619
23460,27.1,3.9001,13.0068,11.6183
23490,26.8,3.9002,13.0012,11.6208
23520,26.7,3.9001,13.0012,11.6179
23550,26.5,3.9002,13.0015,11.6129
23580,26.4,3.9,13.0013,11.6133
23610,26.4,3.9001,13.0014,11.6123
23640,26.6,3.9003,13.0014,11.613
23670,27,3.9001,13.0065,11.6112
23700,26.9,3.9001,13.0024,11.6108
23730,26.7,3.9002,13.0016,11.6115
23760,26.6,3.9002,13.0014,11.6079
23790,26.5,3.9002,13.0014,11.6053
23820,26.4,3.9001,13.0046,11.6049
23850,26.4,3.9002,13.0012,11.6042
23880,26.4,3.9002,13.0012,11.6034
23910,26.8,3.9,13.0083,11.603
23940,26.8,3.9001,13.0026,11.6023
23970,26.7,3.9,13.0021,11.6031
24000,26.3,3.9002,13.0015,11.6046
24030,26,3.9001,13.0024,11.6043
24060,25.8,3.9002,13.0025,11.609
24090,25.8,3.9002,13.0121,11.6014
24120,25.8,3.9,13.0016,11.605
24150,25.8,3.9002,13.0056,11.6028
24180,26,3.9,13.0017,11.5996
24210,26,3.9002,13.0069,11.5945
24240,25.9,3.9,13.0076,11.5931
24270,25.4,3.9001,13.002,11.5925
24300,25.3,3.9001,13.0016,11.5947
24330,25.4,3.9,13.0023,11.5954
24360,25.4,3.9,13.007,11.595
24390,25.3,3.9001,13.0011,11.5917
24420,25.4,3.9001,13.0014,11.5903
24450,25.6,3.9001,13.002,11.5878
24480,25.5,3.9002,13.0062,11.5885
24510,25.4,3.9003,13.0011,11.5892
24540,25.3,3.9002,13.0013,11.5902
24570,25.3,3.9001,13.0011,11.5873
24600,25.2,3.9002,13.0011,11.5863
24630,25,3.9002,13.0011,11.5855
24660,25,3.9,13.001,11.5833
24690,25.1,3.9,13.0016,11.5822
24720,25.2,3.9003,13.0008,11.5812
24750,25.1,3.9001,13.0011,11.582
24780,25.1,3.9001,13.0092,11.5815
24810,25,3.9003,13.0026,11.5804
24840,25,3.9001,13.0011,11.5789
24870,24.9,3.9002,13.001,11.5782
24900,24.7,3.9003,13.0009,11.5775
24930,24.8,3.9003,13.0009,11.5767
24960,24.9,3.9003,13.0088,11.5757
24990,25.1,3.9001,13.0047,11.5746
25020,24.9,3.9001,13.015,11.575
25050,24.8,3.9001,13.0009,11.5742
25080,24.8,3.9,13.0009,11.5735
25110,24.7,3.9,13.0012,11.572
25140,24.6,3.9003,13.0011,11.5715
25170,24.5,3.9,13.0011,11.5732
25200,24.7,3.9003,13.003,11.5743
25230,25,3.9,13.001,11.5701
25260,24.9,3.9001,13.0039,11.5698
25290,24.8,3.9002,13.0035,11.5713
25320,24.7,3.9002,13.0029,11.5677
25350,24.6,3.9,13.0015,11.5695
25380,24.6,3.9,13.001,11.5681
25410,24.7,3.9001,13.0034,11.5692
25440,24.5,3.9001,13.001,11.568
25470,24.8,3.9001,13.0008,11.5716
25500,24.9,3.9001,13.0007,11.5683
25530,25,3.9002,13.0007,11.5661
25560,24.8,3.9002,13.0007,11.5726
25590,24.7,3.9002,13.0006,11.5654
25620,24.7,3.9001,13.0009,11.5624
25650,24.5,3.9,13.0147,11.5609
25680,24.6,3.9,13.0017,11.5678
25710,24.8,3.9002,13.0006,11.5599
25740,25,3.9002,13.0009,11.5754
25770,25.1,3.9002,13.012,11.564
25800,25,3.9003,13.0007,11.5627
25830,24.8,3.9002,13.0006,11.5609
25860,24.8,3.9001,13.0032,11.5588
25890,24.8,3.9003,13.0007,11.5558
25920,24.5,3.9002,13.01,11.5555
25950,24.6,3.9,13.0007,11.554
25980,24.8,3.9001,13.0008,11.5557
26010,24.9,3.9001,13.0014,11.5604
26040,24.8,3.9003,13.0008,11.5535
26070,24.8,3.9003,13.0009,11.5518
26100,24.7,3.9001,13.0111,11.5503
26130,24.6,3.9001,13.001,11.5484
26160,24.7,3.9001,13.0007,11.549
26190,24.7,3.9001,13.0007,11.5502
26220,24.6,3.9001,13.0017,11.552
26250,24.6,3.9002,13.0008,11.5554
26280,24.6,3.9001,13.0041,11.5493
26310,24.8,3.9002,13.0014,11.5472
26340,24.7,3.9001,13.0019,11.5432
26370,24.5,3.9002,13.0012,11.5424
26400,24.4,3.9002,13.0011,11.5424
26430,24.4,3.9001,13.0011,11.5417
26460,24.4,3.9001,13.0011,11.5408
26490,24.3,3.9001,13.0012,11.5404
26520,24.5,3.9001,13.001,11.5394
26550,24.7,3.9,13.0011,11.5383
26580,24.5,3.9003,13.001,11.5383
26610,24.3,3.9001,13.0014,11.5375
26640,24.4,3.9001,13.0011,11.5379
26670,24.3,3.9001,13.0008,11.5395
26700,24.1,3.9001,13.0134,11.5421
26730,24,3.9001,13.0011,11.5363
26760,24.1,3.9,13.0011,11.533
26790,24.4,3.9,13.0045,11.5349
26820,24.7,3.9002,13.0011,11.5298
26850,24,3.9002,13.0011,11.5414
26880,24.2,3.9,13.0011,11.4942
26910,24.6,3.9001,13.0026,11.5214
26940,24.4,3.9001,13.0011,11.5206
26970,24.4,3.9001,13.0014,11.5225
27000,24.3,3.9001,13.0014,11.5221
27030,24.2,3.9,13.0014,11.5225
27060,24.2,3.9002,13.0017,11.5215
27090,24.3,3.9001,13.0011,11.5205
27120,23.2,3.9001,13.001,11.5197
27150,24.4,3.9001,13.008,11.5193
27180,24.6,3.9001,13.0026,11.5183
27210,24.4,3.9,13.001,11.5164
27240,24.3,3.9002,13.0014,11.5161
27270,24.4,3.9001,13.0019,11.5157
27300,24.4,3.9001,13.0065,11.5146
27330,24.3,3.9001,13.0011,11.5143
27360,24.6,3.9001,13.0016,11.5147
27390,25.3,3.9002,13.0103,11.5133
27420,25.3,3.9002,13.0086,11.5119
27450,25.1,3.9001,13.0011,11.5119
27480,25.1,3.9001,13.0148,11.5122
27510,24.9,3.9001,13.0025,11.511
27540,24.8,3.9,13.0011,11.511
27570,24.7,3.9001,13.0011,11.5309
27600,24.5,3.9003,13.0021,11.5414
27630,24.3,3.9002,13.0012,11.5616
27660,24.3,3.9003,13.0093,11.5646
27690,24.7,3.9,13.0017,11.5498
27720,24.2,3.9001,13.001,11.5552
27750,24,3.9,13.001,11.557
27780,23.9,3.9,13.0091,11.5512
27810,23.9,3.9,13.0011,11.5498
27840,23.9,3.9001,13.0076,11.5451
27870,23.8,3.9001,13.0013,11.5476
27900,23.9,3.9002,13.0104,11.5448
27930,24.2,3.9,13.0011,11.5311
27960,24.2,3.9001,13.0011,11.5199
27990,24,3.9001,13.0011,11.5144
28020,23.9,3.9001,13.0019,11.5101
28050,23.9,3.9002,13.0013,11.5086
28080,23.8,3.9001,13.0011,11.5021
28110,23.8,3.9002,13.0013,11.4999
28140,23.9,3.9002,13.001,11.4992
28170,24.2,3.9001,13.0012,11.4981
28200,24.3,3.9002,13.0009,11.4973
28230,24,3.9003,13.0011,11.4974
28260,24,3.9,13.001,11.4973
28290,23.9,3.9003,13.0011,11.496
28320,23.9,3.9002,13.0125,11.4953
28350,23.8,3.9001,13.0017,11.4948
28380,23.8,3.9002,13.0009,11.4978
28410,24,3.9,13.0026,11.496
28440,24.2,3.9001,13.0012,11.4955
28470,24.3,3.9002,13.0086,11.4905
28500,24.1,3.9002,13.0101,11.4922
28530,24.1,3.9003,13.0128,11.4905
28560,24.1,3.9001,13.0088,11.4886
28590,24,3.9001,13.001,11.4882
28620,24,3.9,13.001,11.4872
28650,23.9,3.9001,13.0131,11.4865
28680,24.3,3.9001,13.0016,11.4862
28710,25,3.9001,13.0011,11.4847
28740,24.9,3.9003,13.0063,11.4839
28770,24.6,3.9,13.0011,11.4832
28800,24.5,3.9002,13.0029,11.4821
28830,24.3,3.9,13.0013,11.4814
28860,24.3,3.9001,13.0015,11.4807
28890,24.2,3.9002,13.001,11.4803
28920,24.4,3.9002,13.0045,11.48
28950,25,3.9002,13.0011,11.4797
28980,25,3.9002,13.001,11.4829
29010,24.9,3.9001,13.0017,11.4709
29040,24.7,3.9001,13.001,11.4781
29070,24.6,3.9001,13.0032,11.4781
29100,24.6,3.9002,13.0011,11.4799
29130,24.6,3.9001,13.002,11.477
29160,24.7,3.9,13.0013,11.4738
29190,24.8,3.9001,13.0018,11.4727
29220,25.1,3.9,13.0009,11.4677
29250,25.3,3.9001,13.0087,11.4615
29280,25,3.9002,13.001,11.4615
29310,24.7,3.9002,13.0047,11.4622
29340,24.6,3.9,13.0019,11.4633
29370,24.5,3.9001,13.001,11.4637
29400,24.4,3.9003,13.0062,11.4624
29430,24.8,3.9002,13.0011,11.4562
29460,25.2,3.9001,13.0126,11.4565
29490,25.3,3.9,13.0051,11.4536
29520,25.2,3.9002,13.001,11.4526
29550,24.6,3.9001,13.0008,11.4558
29580,24.4,3.9001,13.0074,11.4565
29610,24.2,3.9001,13.0008,11.4566
29640,24.2,3.9001,13.0022,11.4569
29670,24.1,3.9,13.0039,11.4554
29700,24.7,3.9,13.0006,11.4474
29730,25,3.9,13.0049,11.4453
29760,25.2,3.9002,13.0007,11.4431
29790,24.8,3.9001,13.0007,11.4449
29820,24.4,3.9001,13.0007,11.4493
29850,24.1,3.9001,13.0008,11.4504
29880,24,3.9002,13.0007,11.4511
29910,24,3.9001,13.0048,11.4482
29940,24.1,3.9002,13.0068,11.4432
29970,24.6,3.9,13.0043,11.4392
30000,24.8,3.9,13.0006,11.4382
30030,24.9,3.9,13.0013,11.4375
30060,24.4,3.9002,13.0007,11.4425
30090,24.1,3.9001,13.0008,11.4424
30120,24,3.9,13.0008,11.4427
30150,24,3.9001,13.0008,11.4412
30180,23.8,3.9002,13.0128,11.4416
30210,24.1,3.9002,13.0008,11.4355
30240,24.8,3.9003,13.0007,11.4323
30270,25,3.9002,13.0008,11.4316
30300,25,3.9002,13.0005,11.4302
30330,24.5,3.9001,13.0008,11.4327
30360,24.3,3.9001,13.0012,11.4349
30390,24.2,3.9001,13.0102,11.4371
30420,24,3.9001,13.0008,11.4345
30450,23.8,3.9,13.0007,11.4345
30480,24.4,3.9002,13.0007,11.4259
30510,24.8,3.9001,13.0006,11.424
30540,25,3.9001,13.0133,11.4237
30570,24.8,3.9002,13.01,11.4218
30600,24.3,3.9001,13.0007,11.4253
30630,24.2,3.9002,13.0007,11.4264
30660,24.1,3.9003,13.0008,11.4261
30690,24.1,3.9001,13.0016,11.4269
30720,24.2,3.9002,13.0007,11.424
30750,24.7,3.9001,13.0009,11.4163
30780,24.9,3.9001,13.012,11.416
30810,25.1,3.9001,13.0007,11.4143
30840,24.6,3.9002,13.0007,11.4173
30870,24.4,3.9003,13.0007,11.4213
30900,24.3,3.9001,13.0007,11.4195
30930,24.2,3.9,13.0007,11.4191
30960,24.1,3.9003,13.0007,11.4176
30990,24.3,3.9002,13.0007,11.4125
31020,24.8,3.9,13.0124,11.4074
31050,25.1,3.9002,13.009,11.4059
31080,25.1,3.9001,13.0104,11.4064
31110,24.7,3.9003,13.0031,11.4133
31140,24.7,3.9002,13.0007,11.4118
31170,24.5,3.9001,13.0007,11.4099
31200,24.4,3.9001,13.0008,11.4103
31230,24.3,3.9003,13.0007,11.4082
31260,24.7,3.9003,13.0136,11.401
31290,25.1,3.9002,13.0035,11.3989
31320,25.4,3.9002,13.0018,11.3999
31350,25.3,3.9001,13.0026,11.4022
31380,25,3.9,13.0008,11.4054
31410,25,3.9002,13.0007,11.4124
31440,25,3.9001,13.0009,11.4056
31470,24.9,3.9001,13.0117,11.4074
31500,25,3.9,13.0031,11.4081
31530,25.2,3.9001,13.0007,11.4064
31560,25.6,3.9003,13.0006,11.4071
31590,25.7,3.9002,13.0008,11.4045
31620,25.5,3.9,13.0008,11.4057
31650,25.4,3.9001,13.0125,11.4049
31680,25.3,3.9,13.002,11.4041
31710,25.2,3.9001,13.0008,11.4027
31740,25.2,3.9,13.0027,11.4023
31770,25.3,3.9002,13.0007,11.3976
31800,25.5,3.9,13.0007,11.4017
31830,25.8,3.9003,13.0019,11.3987
31860,25.9,3.9001,13.0007,11.4073
31890,25.7,3.9,13.0007,11.4004
31920,25.6,3.9003,13.0006,11.39
31950,25,3.9002,13.0025,11.3906
31980,24.4,3.9002,13.0009,11.3881
32010,23.7,3.9002,13.0024,11.3874
32040,23.8,3.9003,13.0008,11.3857
32070,23.8,3.9002,13.0007,11.3838
32100,23.9,3.9,13.0011,11.3839
32130,23.7,3.9,13.0007,11.3829
32160,23.3,3.9002,13.0008,11.3815
32190,23.6,3.9002,13.0084,11.383
32220,23.3,3.9,13.0006,11.3783
32250,23.5,3.9002,13.0009,11.3776
32280,23.5,3.9002,13.0007,11.3779
32310,23.6,3.9002,13.0008,11.3765
32340,23.4,3.9,13.0018,11.3794
32370,23.7,3.9003,13.0008,11.3776
32400,23.9,3.9,13.0074,11.3732
32430,23.5,3.9001,13.0007,11.3782
32460,23.5,3.9001,13.0026,11.3721
32490,23.4,3.9002,13.0009,11.3752
32520,23.3,3.9003,13.0147,11.376
32550,23.3,3.9003,13.0009,11.3723
32580,23.5,3.9001,13.0009,11.3666
32610,23.8,3.9001,13.0006,11.3659
32640,23.7,3.9003,13.0054,11.3673
32670,23.6,3.9001,13.011,11.3655
32700,23.6,3.9003,13.0007,11.363
32730,23.6,3.9002,13.0072,11.3622
32760,23.6,3.9003,13.0008,11.3618
32790,23.6,3.9002,13.0014,11.3625
32820,23.6,3.9002,13.0008,11.3618
32850,24,3.9,13.0025,11.3589
32880,24.4,3.9002,13.0059,11.3582
32910,23.7,3.9001,13.0008,11.3556
32940,23.8,3.9003,13.0015,11.3592
32970,23.7,3.9001,13.0009,11.3549
33000,23.7,3.9001,13.0013,11.3534
33030,23.6,3.9002,13.0009,11.3527
33060,23.4,3.9002,13.0007,11.3513
33090,23.2,3.9002,13.0046,11.3495
33120,22.9,3.9001,13.0007,11.3484
33150,23.1,3.9,13.0007,11.3469
33180,22.9,3.9001,13.0056,11.3486
33210,22.9,3.9003,13.0006,11.3448
33240,22.8,3.9001,13.0008,11.3445
33270,22.8,3.9003,13.0006,11.3439
33300,22.8,3.9,13.0008,11.3433
33330,22.7,3.9001,13.0007,11.3457
33360,22.8,3.9001,13.0039,11.3392
33390,22.8,3.9001,13.002,11.3377
33420,22.6,3.9001,13.0075,11.3385
33450,22.6,3.9002,13.0021,11.3413
33480,22.5,3.9,13.0014,11.3349
33510,22.5,3.9,13.0123,11.3341
33540,22.3,3.9001,13.0079,11.333
33570,22.1,3.9,13.0106,11.3297
33600,22,3.9,13.0015,11.3301
33630,21.9,3.9002,13.0014,11.3279
33660,21.6,3.9001,13.0015,11.3243
33690,21.3,3.9001,13.0006,11.3247
33720,21.1,3.9001,13.0016,11.3245
33750,21.1,3.9001,13.0021,11.3223
33780,20.7,3.9002,13.0027,11.3204
33810,20.4,3.9,13.0049,11.3167
33840,20.4,3.9,13.0133,11.3164
33870,20.3,3.9001,13.0022,11.3132
33900,20.8,3.9001,13.0021,11.3121
33930,20.7,3.9001,13.0021,11.311
33960,20.7,3.9,13.002,11.3114
33990,20.7,3.9001,13.0022,11.3085
34020,20.5,3.9001,13.0062,11.3059
34050,20.5,3.9,13.002,11.3056
34080,20.5,3.9001,13.0097,11.303
34110,20.5,3.9,13.0099,11.3027
34140,20.6,3.9,13.0014,11.3037
34170,20.6,3.9,13.0018,11.3023
34200,20.7,3.9001,13.0021,11.3005
34230,20.4,3.9002,13.0066,11.2991
34260,20.4,3.9,13.0018,11.3143
34290,20.3,3.9,13.0019,11.3066
34320,20.3,3.9001,13.0022,11.298
34350,20.2,3.9,13.0057,11.2966
34380,20.4,3.9001,13.0036,11.2963
34410,20.7,3.9001,13.0019,11.2937
34440,20.7,3.9001,13.0077,11.2904
34470,20.6,3.9002,13.0013,11.2879
34500,20.5,3.9,13.0014,11.2865
34530,20.6,3.9001,13.0098,11.285
34560,20.7,3.9,13.0015,11.2847
34590,20.4,3.9,13.0093,11.2835
34620,20,3.9001,13.0013,11.2809
34650,19.2,3.9,13.0022,11.2761
34680,19.2,3.9001,13.0044,11.2744
34710,19.3,3.9001,13.003,11.2719
34740,19.4,3.9001,13.0017,11.2711
34770,19.1,3.9001,13.0031,11.2686
34800,19.1,3.9,13.0021,11.2668
34830,19.1,3.9,13.0021,11.2661
34860,19,3.9001,13.0038,11.2658
34890,18.9,3.9,13.0021,11.2643
34920,18.8,3.9,13.0017,11.2625
34950,18.6,3.9001,13.0014,11.2582
34980,19,3.9,13.0011,11.2614
35010,18.8,3.9,13.0116,11.2578
35040,18.7,3.9004,13.0088,11.2574
35070,18.8,3.9,13.0013,11.256
35100,18.4,3.9001,13.0014,11.251
35130,18.1,3.9001,13.0017,11.2484
35160,18.6,3.9001,13.0134,11.251
35190,19.1,3.9001,13.0023,11.25
35220,19.2,3.9002,13.0031,11.3966
35250,18.9,3.9,13.0028,11.2575
35280,18.9,3.9001,13.0098,11.2513
35310,18.8,3.9001,13.0013,11.2484
35340,18.7,3.9001,13.001,11.247
35370,18.7,3.9001,13.0021,11.2459
35400,19,3.9001,13.0061,11.2452
35430,19.3,3.9001,13.0137,11.2438
35460,19.6,3.9001,13.002,11.2438
35490,19.4,3.9001,13.002,11.2416
35520,19.2,3.9,13.0017,11.2408
35550,19.1,3.9001,13.0017,11.2387
35580,19.1,3.9002,13.0023,11.2376
35610,19,3.9002,13.0016,11.2357
35640,19,3.9001,13.003,11.2342
35670,19.3,3.9001,13.0008,11.2339
35700,19.6,3.9,13.0018,11.2332
35730,19.7,3.9001,13.0027,11.2314
35760,19.5,3.9001,13.0055,11.2284
35790,19.9,3.9,13.0093,11.2353
35820,19.1,3.9001,13.0028,11.2158
35850,19.2,3.9001,13.0021,11.2108
35880,19.1,3.9001,13.0025,11.2112
35910,19.6,3.9002,13.0023,11.2069
35940,20.1,3.9001,13.0023,11.208
35970,20.5,3.9001,13.0046,11.208
36000,20.5,3.9001,13.0012,11.2094
36030,19.7,3.9001,13.0038,11.2007
36060,20.1,3.9001,13.0052,11.2009
36090,19.6,3.9001,13.0136,11.2002
36120,19.8,3.9001,13.0022,11.1965
36150,19.5,3.9001,13.0023,11.1979
36180,20,3.9001,13.0025,11.1961
36210,20.7,3.9002,13.002,11.1984
36240,21.5,3.9001,13.0042,11.1995
36270,20.9,3.9,13.0137,11.1937
36300,20.5,3.9,13.0108,11.1906
36330,20.9,3.9001,13.0017,11.2058
36360,20.8,3.9001,13.0017,11.2039
36390,20.8,3.9,13.0015,11.2028
36420,20.7,3.9001,13.0028,11.2005
36450,20.7,3.9,13.0019,11.1937
36480,21.5,3.9,13.0019,11.1898
36510,21.9,3.9001,13.0026,11.1906
36540,21.4,3.9001,13.0019,11.1866
36570,21.2,3.9001,13.0079,11.1859
36600,20.6,3.9,13.0027,11.1833
36630,20.3,3.9001,13.002,11.1834
36660,20.1,3.9001,13.0004,11.1819
36690,20,3.9,13.0143,11.1794
36720,20.4,3.9001,13.003,11.1744
36750,20.9,3.9001,13.0031,11.1776
36780,21.1,3.9,13.0027,11.1762
36810,20.4,3.9001,13.0027,11.1755
36840,20.2,3.9001,13.0022,11.1737
36870,20.7,3.9,13.0017,11.1846
36900,20.6,3.9001,13.0103,11.1809
36930,20.6,3.9001,13.0137,11.1802
36960,20.5,3.9001,13.0149,11.1831
36990,20.6,3.9001,13.0017,11.1781
37020,21,3.9001,13.0009,11.1755
37050,20.8,3.9002,13.0016,11.1774
37080,21,3.9001,13.0026,11.1774
37110,20.8,3.9001,13.0026,11.1759
37140,20.5,3.9002,13.0019,11.1741
37170,20.4,3.9001,13.0021,11.1733
37200,20.4,3.9001,13.002,11.1734
37230,20.4,3.9001,13.0025,11.1708
37260,21,3.9001,13.0026,11.1647
37290,21.2,3.9001,13.0118,11.1618
37320,21.5,3.9001,13.0066,11.1708
37350,21,3.9001,13.0127,11.1667
37380,20.7,3.9001,13.0036,11.1667
37410,20.6,3.9002,13.0122,11.1656
37440,20.5,3.9,13.0109,11.1631
37470,20.3,3.9,13.0123,11.1616
37500,20.2,3.9001,13.0018,11.1597
37530,20.5,3.9001,13.0145,11.1543
37560,20.9,3.9001,13.0029,11.1515
37590,20.6,3.9002,13.0029,11.1573
37620,20.4,3.9001,13.0028,11.1563
37650,20.4,3.9001,13.0029,11.1556
37680,19.7,3.9001,13.0006,11.1519
37710,19.7,3.9002,13.0026,11.1505
37740,19.3,3.9,13.0017,11.1482
37770,19.5,3.9001,13.002,11.146
37800,20.1,3.9002,13.0018,11.1449
37830,20.7,3.9001,13.0016,11.1461
37860,20.6,3.9002,13.0016,11.154
37890,20.4,3.9002,13.0015,11.15
37920,20.3,3.9001,13.002,11.146
37950,20.3,3.9,13.0059,11.1443
37980,20.2,3.9001,13.0021,11.1431
38010,20.2,3.9001,13.0115,11.141
38040,20,3.9,13.0019,11.1353
38070,20.6,3.9001,13.0026,11.1303
38100,20.9,3.9001,13.002,11.1304
38130,20.6,3.9001,13.0019,11.1371
38160,20.7,3.9001,13.0013,11.1392
38190,20.5,3.9002,13.0021,11.1381
38220,20.3,3.9002,13.0024,11.1373
38250,20,3.9001,13.0018,11.138
38280,19.8,3.9001,13.0022,11.1366
38310,19.2,3.9,13.0019,11.1308
38340,19.7,3.9001,13.001,11.1276
38370,20.1,3.9,13.0021,11.1265
38400,19.5,3.9001,13.0117,11.1255
38430,18.7,3.9,13.0013,11.1215
38460,19,3.9001,13.0015,11.1224
38490,19.1,3.9001,13.0023,11.1203
38520,19.1,3.9001,13.0014,11.1184
38550,18.8,3.9001,13.0031,11.1159
38580,19,3.9002,13.0096,11.1162
38610,19.8,3.9001,13.0079,11.1149
38640,22.6,3.9002,13.012,11.1272
38670,23.6,3.9001,13.0009,11.128
38700,21.3,3.9002,13.0127,11.1207
38730,20.4,3.9001,13.0021,11.1167
38760,20.2,3.9001,13.0063,11.1153
38790,20,3.9,13.0026,11.1134
38820,19.9,3.9001,13.0126,11.1127
38850,20.7,3.9,13.0093,11.1157
38880,23.9,3.9001,13.0015,11.1259
38910,21.9,3.9,13.0016,11.114
38940,24.2,3.9001,13.0015,11.1209
38970,22.6,3.9001,13.0013,11.1154
39000,21.3,3.9001,13.0039,11.1102
39030,20.8,3.9001,13.0016,11.1084
39060,20.6,3.9,13.0017,11.1062
39090,20.7,3.9,13.0018,11.1073
39120,20.9,3.9001,13.0118,11.1047
39150,21,3.9001,13.01,11.1011
39180,21.1,3.9001,13.0046,11.1023
39210,20.9,3.9001,13.0019,11.1001
39240,20.6,3.9001,13.013,11.0986
39270,20.5,3.9001,13.0022,11.0976
39300,20.4,3.9,13.0062,11.0986
39330,19.9,3.9,13.0008,11.0946
39360,20.1,3.9001,13.0025,11.0984
39390,22.3,3.9001,13.0019,11.098
39420,21.4,3.9001,13.0024,11.0939
39450,21,3.9002,13.0128,11.0939
39480,20.6,3.9001,13.008,11.0961
39510,20.5,3.9001,13.002,11.0932
39540,20.4,3.9001,13.0022,11.0953
39570,20,3.9001,13.0033,11.092
39600,19.9,3.9,13.0047,11.0852
39630,20.1,3.9001,13.0024,11.1156
39660,20.3,3.9001,13.004,11.1257
39690,20.4,3.9001,13.0022,11.1221
39720,20.4,3.9001,13.0021,11.1098
39750,20.4,3.9001,13.0023,11.0957
39780,20.4,3.9,13.0023,11.0845
39810,20.4,3.9001,13.0081,11.0823
39840,20.2,3.9001,13.0031,11.0812
39870,20.1,3.9001,13.0026,11.092
39900,20.1,3.9001,13.0029,11.0844
39930,19.9,3.9,13.0023,11.066
39960,20.5,3.9001,13.0024,11.0758
39990,20.6,3.9,13.0004,11.075
40020,20.3,3.9001,13.0008,11.0725
40050,20.1,3.9,13.0033,11.0722
40080,19.9,3.9,13.0108,11.0697
40110,19.8,3.9001,13.003,11.0686
40140,19.7,3.9001,13.0089,11.0658
40170,19.9,3.9,13.0026,11.0617
40200,20.1,3.9001,13.0021,11.0549
40230,20.3,3.9001,13.0031,11.0571
40260,20,3.9001,13.0023,11.0607
40290,20,3.9,13.0023,11.0603
40320,20,3.9001,13.0019,11.0624
40350,19.9,3.9001,13.001,11.0588
40380,19.8,3.9,13.0018,11.0569
40410,19.8,3.9001,13.0142,11.0537
40440,19.9,3.9001,13.0101,11.0487
40470,20.4,3.9001,13.0016,11.0433
40500,21.1,3.9001,13.0016,11.0506
40530,20.7,3.9001,13.0029,11.0538
40560,20.8,3.9001,13.0024,11.0538
40590,20.9,3.9,13.0132,11.052
40620,20.9,3.9,13.0021,11.0505
40650,20.8,3.9001,13.0025,11.0501
40680,20.9,3.9001,13.0014,11.0486
40710,22.3,3.9002,13.0127,11.0444
40740,23.3,3.9,13.0098,11.0455
40770,23.6,3.9,13.0103,11.0539
40800,23.2,3.9002,13.0133,11.0536
40830,24.4,3.9001,13.0025,11.0557
40860,22.4,3.9,13.0042,11.0513
40890,22.2,3.9001,13.0098,11.0524
40920,22.2,3.9001,13.0078,11.0506
40950,22.2,3.9001,13.0017,11.0464
40980,23.2,3.9001,13.0091,11.0518
41010,23.8,3.9001,13.0009,11.0478
41040,24,3.9,13.0015,11.0524
41070,24.4,3.9001,13.0046,11.0505
41100,22.8,3.9001,13.0015,11.0493
41130,22.5,3.9001,13.0043,11.0482
41160,22.4,3.9001,13.0021,11.0442
41190,22.2,3.9001,13.002,11.0431
41220,21.8,3.9001,13.0025,11.0384
41250,22.2,3.9,13.0029,11.0425
41280,21.8,3.9,13.0025,11.04
41310,21.9,3.9001,13.0024,11.0408
41340,22,3.9001,13.003,11.0415
41370,21.9,3.9002,13.0057,11.0342
41400,20.9,3.9001,13.0034,11.0322
41430,20.3,3.9002,13.0024,11.0304
41460,20.2,3.9001,13.0022,11.0278
41490,20.1,3.9001,13.0017,11.0246
41520,19.9,3.9001,13.0016,11.0224
41550,20.7,3.9001,13.0095,11.0262
41580,20.9,3.9001,13.0081,11.0247
41610,21.2,3.9001,13.0039,11.0237
41640,20.8,3.9002,13.0019,11.0209
41670,20.5,3.9,13.001,11.0205
41700,20.4,3.9001,13.0034,11.0185
41730,20.2,3.9001,13.0026,11.017
41760,20.5,3.9001,13.0025,11.0144
41790,21,3.9001,13.0026,11.0197
41820,21.1,3.9,13.0026,11.0186
41850,20.9,3.9001,13.0136,11.0121
41880,20.9,3.9,13.0115,11.0128
41910,21.1,3.9002,13.0103,11.0156
41940,21.1,3.9002,13.002,11.0146
41970,21,3.9001,13.0027,11.0147
42000,21,3.9001,13.0041,11.0096
42030,21.2,3.9001,13.0018,11.0133
42060,21.4,3.9002,13.0015,11.0123
42090,21.9,3.9001,13.0016,11.0137
42120,21.8,3.9001,13.0015,11.013
42150,21.8,3.9001,13.0022,11.0141
42180,21.9,3.9,13.0023,11.0118
42210,21.8,3.9002,13.0025,11.0107
42240,21.2,3.9001,13.0028,11.0094
42270,20.7,3.9002,13.0035,11.0026
42300,19.9,3.9,13.0038,10.9986
42330,20.4,3.9001,13.0122,11.0008
42360,19.9,3.9001,13.0118,10.9943
42390,19.5,3.9001,13.0092,10.9911
42420,19,3.9,13.0038,10.9915
42450,19.2,3.9001,13.0041,10.9879
42480,18.5,3.9002,13.0022,10.9836
42510,18.4,3.9001,13.0046,10.9789
42540,18.1,3.9,13.0064,10.9731
42570,17.4,3.9001,13.0025,10.9676
42600,17,3.9001,13.0031,10.9633
42630,17.1,3.9,13.0026,10.9601
42660,17,3.9001,13.0012,10.9597
42690,16.8,3.9,13.0022,10.9521
42720,16.5,3.9002,13.0024,10.9495
42750,17,3.9002,13.0021,10.9496
42780,16.8,3.9,13.0026,10.9457
42810,16.3,3.9001,13.0105,10.9424
42840,16.6,3.9002,13.0061,10.9421
42870,16.9,3.9001,13.0061,10.9443
42900,17.1,3.9001,13.0054,10.9458
42930,17.3,3.9002,13.0108,10.9451
42960,17.3,3.9001,13.0025,10.937
42990,17.3,3.9,13.0012,10.9374
43020,17.2,3.9001,13.0106,10.9369
43050,17.3,3.9001,13.0024,10.9365
43080,17.3,3.9001,13.0019,10.9333
43110,17.3,3.9,13.0023,10.9308
43140,17.3,3.9001,13.0026,10.929
43170,17.3,3.9001,13.0024,10.9279
43200,17.3,3.9001,13.0026,10.9243
43230,17.6,3.9001,13.0026,10.9204
43260,17.5,3.9001,13.0023,10.9215
43290,17.2,3.9,13.0022,10.9196
43320,16.9,3.9,13.0043,10.9147
43350,16.7,3.9,13.0011,10.9125
43380,16.8,3.9,13.0021,10.911
43410,17.2,3.9002,13.0026,10.9132
43440,17.5,3.9001,13.0018,10.9129
43470,17.2,3.9001,13.0016,10.9085
43500,17.2,3.9001,13.0015,10.906
43530,17.1,3.9001,13.0146,10.905
43560,16.8,3.9002,13.0015,10.9026
43590,16.7,3.9001,13.0015,10.9022
43620,16.6,3.9002,13.0015,10.8989
43650,16.6,3.9001,13.0016,10.8956
43680,21,3.9,13.0013,10.9244
43710,24.2,3.9002,13.0032,10.9582
43740,19.3,3.9002,13.0034,10.9188
43770,17.7,3.9002,13.0119,10.9108
43800,17.1,3.9001,13.0017,10.9009
43830,16.2,3.9001,13.0015,10.8905
43860,15.9,3.9001,13.0017,10.8854
43890,15.5,3.9001,13.0015,10.8782
43920,15.2,3.9001,13.0017,10.8728
43950,19.4,3.9001,13.0016,10.8936
43980,15.2,3.9002,13.0087,10.8737
44010,15.2,3.9,13.0037,10.8733
44040,15,3.9,13.0016,10.8646
44070,14.8,3.9001,13.0016,10.8587
44100,13.9,3.9,13.0017,10.8488
44130,14.1,3.9002,13.0051,10.8463
44160,13.7,3.9001,13.0016,10.8413
44190,13.8,3.9001,13.0016,10.84
44220,14.6,3.9001,13.0016,10.843
44250,14.6,3.9,13.0074,10.8419
44280,15.2,3.9001,13.0019,10.8435
44310,15.4,3.9,13.0016,10.8445
44340,15.1,3.9001,13.0013,10.8437
44370,14.9,3.9001,13.0017,10.8397
44400,15,3.9001,13.0017,10.8351
44430,15.1,3.9001,13.0016,10.8342
44460,15.3,3.9001,13.0018,10.832
44490,15.5,3.9001,13.0016,10.8328
44520,15.4,3.9,13.0086,10.8291
44550,15.4,3.9001,13.0016,10.8288
44580,15.3,3.9,13.0018,10.826
44610,15.3,3.9001,13.0016,10.8257
44640,15.1,3.9001,13.0041,10.8217
44670,15.1,3.9,13.0013,10.8151
44700,14.8,3.9001,13.0017,10.8093
44730,14.8,3.9,13.0043,10.809
44760,14.9,3.9001,13.0061,10.8131
44790,15.1,3.9002,13.0096,10.809
44820,15,3.9001,13.0017,10.8049
44850,15.1,3.9,13.0019,10.8074
44880,15.3,3.9001,13.0049,10.8068
44910,15,3.9001,13.0048,10.8043
44940,15.1,3.9002,13.0129,10.8029
44970,15,3.9,13.0016,10.8025
45000,15,3.9001,13.0088,10.7967
45030,15.4,3.9001,13.0054,10.7967
45060,15.6,3.9002,13.0122,10.8001
45090,16.6,3.9001,13.0016,10.8084
45120,16.2,3.9001,13.0019,10.7996
45150,15.9,3.9001,13.0061,10.7981
45180,15.8,3.9002,13.0044,10.7908
45210,15.7,3.9002,13.0017,10.7909
45240,15.6,3.9002,13.0032,10.7888
45270,16.1,3.9002,13.0032,10.7856
45300,17.6,3.9002,13.0015,10.7892
45330,16.7,3.9001,13.0013,10.7867
45360,19.8,3.9,13.0017,10.807
45390,16.8,3.9001,13.002,10.7901
45420,16.8,3.9001,13.0025,10.7888
45450,16.6,3.9,13.0145,10.7874
45480,16.6,3.9001,13.0019,10.7848
45510,16.7,3.9002,13.0075,10.7772
45540,17,3.9001,13.002,10.7769
45570,23.3,3.9001,13.0134,10.8074
45600,18.2,3.9002,13.0014,10.7921
45630,17.8,3.9002,13.0017,10.7824
45660,17.7,3.9001,13.0019,10.7845
45690,17.7,3.9,13.0019,10.7827
45720,17.7,3.9001,13.0028,10.7762
45750,17.6,3.9001,13.0038,10.7737
45780,17.7,3.9002,13.0148,10.7694
45810,18,3.9,13.0018,10.7723
45840,20.1,3.9001,13.0016,10.791
45870,18.2,3.9002,13.002,10.7747
45900,18.1,3.9002,13.0028,10.7664
45930,18,3.9002,13.0072,10.7657
45960,18.2,3.9002,13.0021,10.7653
45990,18.1,3.9,13.0012,10.7638
46020,18.1,3.9001,13.012,10.7606
46050,18.1,3.9001,13.0018,10.7563
46080,18.4,3.9001,13.0017,10.7549
46110,18.6,3.9002,13.0016,10.76
46140,19.1,3.9002,13.0023,10.7604
46170,18.8,3.9001,13.0025,10.7557
46200,18.5,3.9,13.0022,10.7495
46230,18.5,3.9001,13.0023,10.7419
46260,18.5,3.9,13.0027,10.7408
46290,18.5,3.9,13.0017,10.7393
46320,18.6,3.9001,13.0013,10.7364
46350,18.9,3.9001,13.0027,10.74
46380,18.8,3.9001,13.0026,10.7371
46410,18.7,3.9002,13.0079,10.7285
46440,18.7,3.9001,13.0021,10.7263
46470,18.8,3.9,13.0105,10.7296
46500,18.4,3.9002,13.0017,10.7219
46530,18,3.9003,13.002,10.7164
46560,17.8,3.9,13.0018,10.7149
46590,17.7,3.9001,13.002,10.7091
46620,17.8,3.9002,13.0024,10.7045
46650,17.9,3.9001,13.0008,10.7031
46680,18,3.9001,13.0013,10.6983
46710,17.8,3.9002,13.0087,10.6943
46740,17.9,3.9002,13.0018,10.6951
46770,17.8,3.9001,13.0021,10.692
46800,17.8,3.9002,13.0104,10.6917
46830,17.8,3.9001,13.0021,10.6881
46860,17.5,3.9,13.0021,10.6826
46890,17.3,3.9001,13.0022,10.6853
46920,22.8,3.9001,13.0054,10.7342
46950,23.9,3.9003,13.008,10.7414
46980,24.1,3.9001,13.0023,10.7502
47010,20.4,3.9001,13.0009,10.7152
47040,19.3,3.9,13.002,10.7028
47070,18.9,3.9002,13.0016,10.6964
47100,18.5,3.9001,13.002,10.6892
47130,18.3,3.9001,13.0035,10.6871
47160,18.4,3.9002,13.0021,10.6746
47190,18.7,3.9001,13.0024,10.6738
47220,18.9,3.9001,13.0019,10.6745
47250,18.5,3.9003,13.0017,10.6665
47280,18.4,3.9001,13.0019,10.6628
47310,18.7,3.9,13.0019,10.666
47340,18.4,3.9001,13.0009,10.6569
47370,18,3.9001,13.0022,10.6468
47400,17.3,3.9,13.0027,10.6399
47430,17,3.9002,13.0022,10.6334
47460,16.9,3.9002,13.0026,10.6259
47490,17.1,3.9002,13.0026,10.6228
47520,17.2,3.9001,13.003,10.6235
47550,17.6,3.9001,13.0031,10.6307
47580,17.7,3.9003,13.0096,10.6289
47610,17.7,3.9,13.0049,10.627
47640,17.6,3.9002,13.0051,10.623
47670,17.6,3.9001,13.0012,10.6197
47700,17.9,3.9,13.0018,10.6165
47730,18.2,3.9001,13.0021,10.6136
47760,18.4,3.9002,13.0018,10.6129
47790,18.1,3.9001,13.0018,10.6131
47820,18.2,3.9001,13.0056,10.612
47850,18.1,3.9002,13.0016,10.6065
47880,18,3.9,13.0017,10.6044
47910,17.9,3.9001,13.0016,10.5999
47940,17.8,3.9001,13.0081,10.5937
47970,17.9,3.9002,13.0019,10.5904
48000,18.2,3.9,13.0013,10.5905
48030,18.3,3.9,13.002,10.5909
48060,18.5,3.9001,13.0085,10.5829
48090,20.2,3.9001,13.0017,10.5916
48120,18.3,3.9001,13.0049,10.5823
48150,18.1,3.9003,13.0131,10.5791
48180,18.1,3.9003,13.002,10.5751
48210,18,3.9001,13.0016,10.5715
48240,18,3.9002,13.0021,10.5674
48270,18.2,3.9001,13.0103,10.5637
48300,18.3,3.9002,13.0016,10.5645
48330,18.4,3.9001,13.0025,10.5627
48360,18.6,3.9002,13.0017,10.5616
48390,18.4,3.9002,13.0019,10.5591
48420,18.4,3.9001,13.0107,10.5534
48450,18.1,3.9001,13.0016,10.5539
48480,17.8,3.9,13.0016,10.5517
48510,17.7,3.9001,13.0108,10.5408
48540,18,3.9002,13.0093,10.5346
48570,17.8,3.9001,13.0013,10.5317
48600,18,3.9002,13.0017,10.5305
48630,19,3.9001,13.0026,10.5479
48660,17.9,3.9001,13.0015,10.5337
48690,17.9,3.9002,13.0135,10.5273
48720,17.7,3.9001,13.0016,10.5244
48750,17.6,3.9001,13.0016,10.522
48780,17.5,3.9001,13.0096,10.5188
48810,17.8,3.9,13.0019,10.5127
48840,18,3.9,13.0017,10.5138
48870,18.1,3.9001,13.0022,10.5122
48900,18,3.9001,13.0064,10.5112
48930,18.1,3.9,13.0016,10.509
48960,18.1,3.9002,13.0017,10.5064
48990,18.2,3.9,13.0053,10.5021
49020,18.1,3.9002,13.0016,10.4992
49050,17.8,3.9001,13.0022,10.4956
49080,17.8,3.9,13.0053,10.4945
49110,18.1,3.9002,13.0085,10.4945
49140,18.3,3.9002,13.0023,10.4935
49170,18.7,3.9,13.003,10.4954
49200,21.4,3.9001,13.0021,10.5308
49230,20,3.9001,13.0042,10.5112
49260,18.8,3.9002,13.0145,10.4963
49290,18.4,3.9001,13.0024,10.4905
49320,17.9,3.9001,13.0013,10.4829
49350,17.7,3.9001,13.0022,10.475
49380,18.5,3.9001,13.0019,10.4818
49410,17.9,3.9001,13.0018,10.4699
49440,17.5,3.9001,13.0019,10.4678
49470,17.9,3.9001,13.0022,10.4718
49500,18,3.9001,13.0023,10.4704
49530,17.9,3.9,13.0022,10.4663
49560,17.7,3.9,13.0038,10.4632
49590,17.6,3.9001,13.0014,10.4597
49620,17.8,3.9002,13.0016,10.4521
49650,18,3.9001,13.0011,10.4534
49680,18.6,3.9001,13.0061,10.4537
49710,18.3,3.9,13.0015,10.453
49740,18.4,3.9,13.0015,10.4506
49770,18.3,3.9001,13.0031,10.4487
49800,18.2,3.9,13.0016,10.4469
49830,18.2,3.9,13.0015,10.4433
49860,18,3.9001,13.0018,10.4399
49890,18.1,3.9,13.0019,10.4349
49920,18.3,3.9,13.0079,10.4316
49950,18.6,3.9,13.0015,10.4353
49980,18.7,3.9,13.0004,10.4325
50010,18.6,3.9,13.0018,10.4278
50040,18.6,3.9001,13.0063,10.4271
50070,18.6,3.9001,13.0016,10.4271
50100,18.4,3.9002,13.0046,10.4242
50130,18.4,3.9001,13.0016,10.4209
50160,18.3,3.9001,13.0023,10.4177
50190,18.5,3.9,13.0024,10.4155
50220,18.9,3.9,13.0016,10.4185
50250,19,3.9002,13.0015,10.4166
50280,18.8,3.9002,13.0016,10.4087
50310,18.7,3.9002,13.0048,10.4076
50340,18.7,3.9,13.0127,10.4069
50370,18.7,3.9,13.0016,10.4065
50400,18.6,3.9001,13.0016,10.4033
50430,18.6,3.9001,13.0017,10.3978
50460,18.6,3.9001,13.0016,10.3971
50490,19.1,3.9002,13.0103,10.4022
50520,19.4,3.9,13.0019,10.4028
50550,22.3,3.9,13.0035,10.4151
50580,19.1,3.9,13.0018,10.3926
50610,18.9,3.9002,13.0019,10.3908
50640,18.7,3.9001,13.0088,10.3899
50670,18.6,3.9,13.002,10.3881
50700,18.4,3.9001,13.002,10.3848
50730,18.3,3.9002,13.0018,10.3805
50760,18.7,3.9,13.0084,10.3791
50790,19.1,3.9002,13.002,10.382
50820,18.7,3.9,13.003,10.3784
50850,18.5,3.9002,13.0046,10.3782
50880,18.4,3.9001,13.0016,10.3749
50910,18.3,3.9001,13.0015,10.3742
50940,18.4,3.9002,13.0066,10.3739
50970,18.4,3.9002,13.0015,10.3713
51000,18.7,3.9001,13.0022,10.3638
51030,19,3.9,13.0039,10.3635
51060,19.1,3.9002,13.0058,10.3664
51090,18.9,3.9,13.0055,10.3609
51120,19,3.9002,13.0016,10.3583
51150,19.1,3.9002,13.0018,10.3554
51180,19,3.9001,13.0014,10.3558
51210,18.9,3.9001,13.0017,10.3508
51240,19,3.9001,13.0095,10.3494
51270,19.1,3.9001,13.0015,10.3476
51300,19.1,3.9001,13.0021,10.3465
51330,19.5,3.9,13.0014,10.3505
51360,19.6,3.9,13.003,10.3516
51390,19.5,3.9001,13.0051,10.3448
51420,19.7,3.9001,13.0017,10.3441
51450,19.5,3.9001,13.0017,10.3397
51480,19.4,3.9002,13.0017,10.3353
51510,19.3,3.9001,13.009,10.3368
51540,19.3,3.9001,13.0016,10.3321
51570,19.5,3.9,13.0017,10.3315
51600,19.5,3.9002,13.0015,10.3332
51630,19.5,3.9001,13.0015,10.3293
51660,19.4,3.9001,13.0041,10.3271
51690,19.5,3.9001,13.0091,10.3307
51720,19.7,3.9001,13.0015,10.3262
51750,19.6,3.9,13.0024,10.3233
51780,19.5,3.9001,13.0018,10.3168
51810,19.2,3.9001,13.0047,10.3158
51840,19.2,3.9001,13.0015,10.3122
51870,19.3,3.9002,13.0096,10.3141
51900,19.5,3.9001,13.0021,10.3115
51930,19.4,3.9,13.0023,10.3081
51960,19.3,3.9002,13.0022,10.3088
51990,19.4,3.9001,13.0023,10.3088
52020,19.4,3.9002,13.0027,10.3038
52050,19.1,3.9002,13.0128,10.2991
52080,18.3,3.9001,13.0015,10.2879
52110,17.9,3.9,13.0017,10.2792
52140,17.6,3.9,13.0017,10.2731
52170,17.7,3.9002,13.0017,10.2727
52200,17.1,3.9002,13.0038,10.2639
52230,16.8,3.9001,13.0104,10.2552
52260,17.1,3.9001,13.0016,10.2559
52290,16.9,3.9,13.0038,10.2502
52320,16.9,3.9001,13.0054,10.2476
52350,17,3.9001,13.0016,10.2397
52380,16.9,3.9002,13.0046,10.2409
52410,17,3.9001,13.0018,10.2428
52440,17.1,3.9001,13.0018,10.2395
52470,16.8,3.9,13.002,10.2391
52500,17.1,3.9001,13.0017,10.2358
52530,17.2,3.9001,13.0025,10.2358
52560,17.1,3.9002,13.0021,10.2358
52590,17,3.9,13.0019,10.2271
52620,16.7,3.9,13.0019,10.2232
52650,16.5,3.9001,13.0064,10.219
52680,16.3,3.9001,13.0137,10.2132
52710,16.3,3.9002,13.002,10.2034
52740,15.6,3.9001,13.0022,10.1965
52770,15.8,3.9002,13.0071,10.1913
52800,15.6,3.9002,13.012,10.1909
52830,14.9,3.9002,13.0019,10.1786
52860,14.7,3.9,13.0018,10.1689
52890,14.1,3.9001,13.0069,10.1588
52920,14.1,3.9001,13.0017,10.1571
52950,13.7,3.9002,13.0017,10.1433
52980,13.1,3.9001,13.0021,10.1303
53010,13.2,3.9002,13.0017,10.1198
53040,12.7,3.9001,13.0056,10.1158
53070,13.7,3.9,13.0019,10.1306
53100,13.5,3.9002,13.0019,10.1231
53130,13.4,3.9,13.0036,10.1184
53160,13.3,3.9001,13.0121,10.1148
53190,13,3.9,13.0016,10.1047
53220,13.2,3.9001,13.0017,10.1033
53250,12.8,3.9002,13.0027,10.0903
53280,13.1,3.9001,13.0015,10.091
53310,13.5,3.9001,13.0016,10.092
53340,13.5,3.9001,13.002,10.0964
53370,14.2,3.9001,13.0017,10.1053
53400,14.1,3.9002,13.0022,10.0989
53430,14.1,3.9001,13.0018,10.0965
53460,13.9,3.9002,13.0017,10.0914
53490,14,3.9001,13.0026,10.0886
53520,14,3.9001,13.0017,10.078
53550,14,3.9001,13.0019,10.0762
53580,17.5,3.9001,13.0017,10.1324
53610,19.8,3.9001,13.0017,10.165
53640,16.3,3.9001,13.0054,10.1208
53670,15.8,3.9001,13.0017,10.1107
53700,15.4,3.9,13.0018,10.106
53730,15.2,3.9001,13.0088,10.103
53760,15.2,3.9001,13.0018,10.102
53790,15.2,3.9001,13.002,10.0962
53820,15.1,3.9,13.002,10.0871
53850,15.5,3.9,13.0019,10.1038
53880,19,3.9001,13.0019,10.1322
53910,15.9,3.9002,13.0059,10.0932
53940,15.8,3.9002,13.0142,10.0899
53970,15.7,3.9002,13.0017,10.0845
54000,15.5,3.9001,13.0015,10.0792
54030,15.3,3.9001,13.0017,10.0803
54060,15.2,3.9001,13.0017,10.0713
54090,15.3,3.9001,13.0061,10.0673
54120,15.5,3.9001,13.0017,10.0687
54150,16,3.9002,13.0017,10.08
54180,18.4,3.9002,13.0017,10.104
54210,19.6,3.9002,13.0024,10.1296
54240,19,3.9002,13.0142,10.1175
54270,16.4,3.9002,13.0084,10.0833
54300,16.2,3.9,13.0108,10.0789
54330,16,3.9002,13.0017,10.0745
54360,16,3.9002,13.0016,10.0651
54390,15.1,3.9001,13.0017,10.0492
54420,18.5,3.9002,13.0021,10.1011
54450,20.4,3.9001,13.0057,10.1318
54480,18.3,3.9002,13.0015,10.0941
54510,17.1,3.9002,13.0071,10.0703
54540,16.8,3.9002,13.0017,10.066
54570,16.6,3.9001,13.0023,10.0608
54600,16.3,3.9002,13.0022,10.0543
54630,16.1,3.9,13.0016,10.0453
54660,16.7,3.9,13.0095,10.0544
54690,16.6,3.9001,13.0066,10.0631
54720,17.2,3.9001,13.0018,10.0626
54750,16.7,3.9002,13.005,10.0463
54780,16.8,3.9002,13.0017,10.0387
54810,16.8,3.9001,13.002,10.0333
54840,16.8,3.9,13.0021,10.0247
54870,16.7,3.9002,13.0019,10.0287
54900,16.8,3.9,13.0017,10.0286
54930,16.8,3.9001,13.002,10.021
54960,19.4,3.9007,13.0017,10.0641
54990,18.1,3.9,13.0014,10.0538
55020,17.7,3.9002,13.0017,10.0339
55050,17.5,3.9001,13.0015,10.025
55080,17.5,3.9,13.0017,10.0268
55110,17.5,3.9001,13.0047,10.0128
55140,17.4,3.9001,13.0022,10.0174
55170,17.4,3.9001,13.0131,10.0054
55200,17.4,3.9001,13.0024,10.0109
55230,17.6,3.9002,13.0146,10.0102
55260,18,3.9002,13.0021,10.0209
55290,18,3.9001,13.0032,10.0082
55320,18.2,3.9,13.0039,10.0148
55350,17.9,3.9001,13.002,10.0026
55380,18,3.9001,13.0018,10.0044
55410,18,3.9001,13.004,9.9921
55440,17.9,3.9,13.0018,9.9867
55470,17.7,3.9001,13.0017,9.9945
55500,18,3.9002,13.002,9.9874
55530,17.8,3.9,13.008,9.9976
55560,21.2,3.9001,13.0023,10.0337
55590,21.6,3.9,13.0029,10.0436
55620,19.3,3.9,13.0028,10.0099
55650,18.5,3.9,13.0014,9.9932
55680,18.2,3.9001,13.0028,9.9917
55710,17.9,3.9001,13.0035,9.9885
55740,17.7,3.9,13.0028,9.9772
55770,17.8,3.9001,13.0026,9.9754
55800,17.8,3.9002,13.0027,9.9662
55830,18,3.9002,13.0038,9.9666
55860,18.8,3.9,13.0016,9.9763
55890,20.5,3.9001,13.0085,9.9829
55920,18.4,3.9001,13.0026,9.9639
55950,18,3.9003,13.0069,9.9508
55980,17.7,3.9001,13.0019,9.9487
56010,17.5,3.9002,13.0017,9.9347
56040,17.4,3.9002,13.0054,9.9347
56070,17.4,3.9002,13.0021,9.9289
56100,17.4,3.9001,13.0023,9.9177
56130,17.4,3.9002,13.0021,9.9253
56160,17.1,3.9001,13.0018,9.912
56190,17.1,3.9001,13.0029,9.9107
56220,17,3.9002,13.0023,9.9128
56250,17,3.9,13.0055,9.9037
56280,17,3.9001,13.002,9.9053
56310,17,3.9,13.0021,9.8985
56340,17,3.9002,13.0019,9.8921
56370,16.8,3.9002,13.0016,9.8885
56400,18.3,3.9,13.002,9.8877
56430,17,3.9001,13.0053,9.8782
56460,16,3.9001,13.0018,9.8608
56490,15.7,3.9002,13.0091,9.8575
56520,15.4,3.9002,13.0021,9.8438
56550,14.7,3.9,13.0021,9.833
56580,14.5,3.9001,13.0017,9.8232
56610,14.3,3.9001,13.0016,9.8164
56640,14.2,3.9,13.0044,9.8081
56670,14.3,3.9,13.0077,9.7976
56700,14.3,3.9001,13.0019,9.7927
56730,14.1,3.9,13.0037,9.7935
56760,14.4,3.9002,13.0017,9.7943
56790,14.4,3.9001,13.0013,9.7867
56820,14.5,3.9001,13.0015,9.7911
56850,14.3,3.9,13.0015,9.785
56880,14.3,3.9002,13.0057,9.7807
56910,14.4,3.9002,13.0015,9.7807
56940,14.3,3.9001,13.0015,9.7695
56970,14.5,3.9,13.0013,9.7735
57000,14.6,3.9001,13.0013,9.7669
57030,14.5,3.9001,13.0015,9.7639
57060,14.5,3.9002,13.0014,9.7634
57090,14.4,3.9,13.0012,9.7573
57120,14.5,3.9,13.0038,9.753
57150,14.4,3.9002,13.0014,9.7446
57180,14.4,3.9002,13.0061,9.7478
57210,14.4,3.9001,13.0013,9.7384
57240,14.5,3.9002,13.0032,9.7365
57270,14.6,3.9002,13.0014,9.7321
57300,14.4,3.9,13.0015,9.7262
57330,14.5,3.9001,13.003,9.728
57360,14.3,3.9002,13.0015,9.7226
57390,14.2,3.9002,13.0037,9.7183
57420,14,3.9,13.0015,9.7109
57450,13.9,3.9003,13.0116,9.709
57480,13.9,3.9001,13.0015,9.7028
57510,14.2,3.9002,13.0014,9.7029
57540,14.5,3.9002,13.0015,9.7054
57570,14.7,3.9001,13.0016,9.7016
57600,14.3,3.9003,13.0025,9.6952
57630,14.2,3.9001,13.0065,9.6897
57660,14,3.9001,13.0009,9.6888
57690,14,3.9001,13.0015,9.6819
57720,13.7,3.9001,13.0123,9.6736
57750,13.7,3.9001,13.0015,9.6719
57780,13.4,3.9002,13.0014,9.6608
57810,13.5,3.9001,13.0025,9.6648
57840,13.8,3.9001,13.0015,9.6594
57870,13.9,3.9002,13.0088,9.6586
57900,13.7,3.9001,13.0019,9.6508
57930,13.9,3.9002,13.0016,9.6494
57960,13.8,3.9001,13.011,9.6462
57990,13.6,3.9,13.0014,9.639
58020,13.5,3.9,13.0016,9.6395
58050,13.5,3.9,13.0015,9.6297
58080,13.5,3.9001,13.0016,9.6362
58110,13.8,3.9001,13.0016,9.6496
58140,14.2,3.9002,13.0054,9.6475
58170,14.2,3.9001,13.0014,9.642
58200,13.9,3.9002,13.0015,9.637
58230,13.9,3.9,13.0016,9.6294
58260,13.9,3.9001,13.0018,9.629
58290,13.8,3.9001,13.0015,9.6195
58320,13.5,3.9001,13.0025,9.6166
58350,13.6,3.9002,13.0075,9.6118
58380,14,3.9002,13.0016,9.6248
58410,14.2,3.9002,13.002,9.6199
58440,14.4,3.9001,13.0014,9.6323
58470,14.3,3.9,13.0141,9.6175
58500,14.1,3.9,13.0012,9.6127
58530,14,3.9001,13.0014,9.5992
58560,13.9,3.9002,13.0021,9.5924
58590,13.9,3.9002,13.0013,9.5882
58620,13.9,3.9003,13.0015,9.5877
58650,14,3.9,13.0009,9.5965
58680,14.2,3.9,13.0013,9.6066
58710,14.6,3.9002,13.0014,9.608
58740,15,3.9002,13.0014,9.6054
58770,14.8,3.9001,13.0067,9.5977
58800,14.6,3.9001,13.0015,9.5953
58830,14.5,3.9,13.0015,9.5918
58860,14.3,3.9002,13.0013,9.5878
58890,14.3,3.9001,13.0111,9.5773
58920,14.3,3.9,13.0013,9.5766
58950,14.7,3.9002,13.0084,9.59
58980,15.2,3.9001,13.0032,9.5863
59010,15.7,3.9001,13.0014,9.6
59040,15.6,3.9001,13.0079,9.5889
59070,15.5,3.9,13.0013,9.5835
59100,15.4,3.9002,13.0058,9.5733
59130,15.4,3.9001,13.0012,9.5705
59160,15.5,3.9,13.0044,9.5748
59190,15.4,3.9002,13.0018,9.5715
59220,15.4,3.9,13.0014,9.5675
59250,15.8,3.9001,13.0106,9.5664
59280,16.5,3.9001,13.0013,9.5722
59310,16.9,3.9001,13.0088,9.569
59340,16.8,3.9001,13.0015,9.5751
59370,16.5,3.9001,13.0046,9.5622
59400,16.5,3.9001,13.002,9.5592
59430,16.4,3.9002,13.0095,9.5505
59460,16.5,3.9001,13.0014,9.5534
59490,16.5,3.9001,13.0022,9.5429
59520,16.5,3.9002,13.0109,9.5465
59550,16.1,3.9001,13.0015,9.5199
59580,16,3.9001,13.0077,9.5214
59610,16,3.9002,13.002,9.5105
59640,15.9,3.9001,13.0029,9.5172
59670,16,3.9001,13.0018,9.4999
59700,16,3.9001,13.0016,9.5056
59730,16,3.9001,13.002,9.5035
59760,16,3.9001,13.0101,9.5014
59790,16,3.9002,13.0019,9.4957
59820,16,3.9002,13.0018,9.4939
59850,16.1,3.9002,13.002,9.496
59880,16.3,3.9001,13.0017,9.4949
59910,16.5,3.9002,13.0103,9.4992
59940,16.2,3.9002,13.0028,9.4765
